id,name,username,bio,location,url,join_date,join_time,tweets,following,followers,likes,media,private,verified,profile_image_url,background_image
192866692,Indochina Pioneer,vietnamwanderer,"Offering Private Customized Tours all over Vietnam, Cambodia, Laos, Thailand and Burma. Providing professional Destination Management Services.","Hanoi, Vietnam",http://www.indochinapioneer.com,20 Sep 2010,4:16 AM,422,1779,664,22,166,0,0,https://pbs.twimg.com/profile_images/512524306551558147/VzsWkeui_400x400.jpeg,https://pbs.twimg.com/profile_banners/192866692/1479896286/1500x500
1077378994373152768,ğŸ‡»ğŸ‡³SelfQuarantiningWeeabooSheepğŸ‘â™ˆï¸,Bat2leShe2p,Does not ship with Antlers.,"Hanoi, Vietnam",,24 Dec 2018,5:42 PM,9134,536,142,60453,1109,0,0,https://pbs.twimg.com/profile_images/1221307316848381953/xW4OupcI_400x400.jpg,https://pbs.twimg.com/profile_banners/1077378994373152768/1579267375/1500x500
2439868644,Day Noi Mi,daynoimi,"Day Noi Mi, Hoc Noi Mi, Day Noi Mi o Ha Noi - http://daynoimi.netÂ  - http://fb.com/daynoimi.netÂ ",Ha Noi,http://daynoimi.net/,12 Apr 2014,4:09 AM,6146,30,281,0,5739,0,0,https://pbs.twimg.com/profile_images/454940128813649921/A0PLuaCr_400x400.jpeg,https://pbs.twimg.com/profile_banners/2439868644/1410235075/1500x500
2601381283,TrÆ°á»ng Cao Ä‘áº³ng Y DÆ°á»£c Pasteur,yduocpasteur,"TrÆ°á»ng Cao Ä‘áº³ng Y DÆ°á»£c Pasteur lÃ  Ä‘á»‹a chá»‰ uy tÃ­n hÃ ng Ä‘áº§u trong lÄ©nh vá»±c Ä‘Ã o táº¡o nhÃ³m ngÃ nh sá»©c khá»e. Äá»Ša chá»‰: 212 HoÃ ng Quá»‘c Viá»‡t, Cáº§u Giáº¥y, HÃ  Ná»™i.",Hanoi,http://yduochn.com.vn/,3 Jul 2014,2:29 AM,1104,38,34,393,43,0,0,https://pbs.twimg.com/profile_images/1054951703345332225/PeLoiwVW_400x400.jpg,https://pbs.twimg.com/profile_banners/2601381283/1540355245/1500x500
2302446330,HSCV,HSCVietnam,Investing in the children of Vietnam,"Hanoi, Vietnam",http://www.hscv.org,20 Jan 2014,7:54 PM,508,183,194,175,268,0,0,https://pbs.twimg.com/profile_images/1063350751739568129/V6XiI6Hv_400x400.jpg,https://pbs.twimg.com/profile_banners/2302446330/1582297992/1500x500
1070228778020876288,linkvaobong88ag,linkvaobong88ag,"http://LINKVAOBONG88AG.COMÂ  lÃ  website vá» cung cáº¥p link vÃ o http://bong88.comÂ , cáº­p nháº­t thÃ´ng tin khuyáº¿n mÃ£i cá»§a nhÃ  cÃ¡i bong88",,http://linkvaobong88ag.com/,5 Dec 2018,12:09 AM,13303,2,45,1,10700,0,0,https://pbs.twimg.com/profile_images/1070228910783123456/gPKBlIvK_400x400.jpg,https://pbs.twimg.com/profile_banners/1070228778020876288/1543997477/1500x500
730752757141897221,ProletarianRevolutionary,slavakommunizm,"ğŸš©Workers of the world, unite!ğŸš©",Soviet Union,,12 May 2016,6:33 AM,131,227,36,228,9,0,0,https://pbs.twimg.com/profile_images/1239251591602921472/HhkN1eT3_400x400.jpg,https://pbs.twimg.com/profile_banners/730752757141897221/1584295579/1500x500
22898078,UK in VietnamğŸ‡¬ğŸ‡§ğŸ‡»ğŸ‡³,UKinVietnam,"Official account of the British Embassy Hanoi and British Consulate-General HCMC. Follow our HMA @GarethWardUK, DHM @LysaghtSteph and HMCG @iangibbonsr.","Hanoi, Vietnam",http://gov.uk/world/vietnam,5 Mar 2009,12:37 AM,5189,363,10751,3392,1356,0,1,https://pbs.twimg.com/profile_images/1195020605273198592/ODHevndq_400x400.jpg,https://pbs.twimg.com/profile_banners/22898078/1575624094/1500x500
36110921,Eureka! Uni,Eureka_vn,"KÃªnh há»c táº­p trá»±c tuyáº¿n vá» cÃ¡c mÃ´n há»c cáº¥p 3, Ä‘áº¡i há»c: ToÃ¡n cao cáº¥p 1, ToÃ¡n cao cáº¥p 2, XÃ¡c suáº¥t vÃ  thá»‘ng kÃª toÃ¡n vÃ  Kinh táº¿ lÆ°á»£ng, ...","HÃ  Ná»™i, Viá»‡t Nam",https://www.youtube.com/EurekaUni,28 Apr 2009,9:34 AM,451,1599,265,1,298,0,0,https://pbs.twimg.com/profile_images/1230898319720714240/2AOrCglV_400x400.jpg,https://pbs.twimg.com/profile_banners/36110921/1434521476/1500x500
2836130972,Thuoc Kich Duc,thuockichduc,Thuoc Kich Duc - http://thuockichduc.tctedu.comÂ ,Ha Noi,http://thuockichduc.tctedu.com/,30 Sep 2014,9:18 PM,10796,4,151,0,10800,0,0,https://pbs.twimg.com/profile_images/517166821258969088/bFzyNpUD_400x400.jpeg,https://pbs.twimg.com/profile_banners/2836130972/1412137164/1500x500
1242343995407085568,Tom,DoanCongDinh2,"Born and die, enjoy the middle!",,,23 Mar 2020,11:54 PM,1,40,1,0,1,0,0,https://pbs.twimg.com/profile_images/1242345028824924161/bvU6DIgR_400x400.jpg,https://pbs.twimg.com/profile_banners/1242343995407085568/1585033160/1500x500
762474136413188097,thuank51cc,thuank51cc,,,,7 Aug 2016,7:22 PM,44,3,0,0,0,0,0,https://pbs.twimg.com/profile_images/762489845931311104/dsAeI_6r_400x400.jpg,https://pbs.twimg.com/profile_banners/762474136413188097/1470627673/1500x500
2321090268,Dáº¿,cricketssongs,I murmur my lines in a world where everyone is the protagonist,"Hanoi, Vietnam",,31 Jan 2014,9:01 AM,2183,41,82,590,67,0,0,https://pbs.twimg.com/profile_images/590188800036372480/RheY5OWB_400x400.jpg,https://pbs.twimg.com/profile_banners/2321090268/1433953424/1500x500
1215155138995712000,Bui Architect,HungBui62477921,Architect,,,8 Jan 2020,10:15 PM,301,148,8,291,115,0,0,https://pbs.twimg.com/profile_images/1215158466135781376/JuTQa0WP_400x400.jpg,https://pbs.twimg.com/profile_banners/1215155138995712000/1578551450/1500x500
955281836619415552,LuatVietNam,LuatVietNam_VN,"LuatVietnam.vn lÃ  website Ä‘áº§u tiÃªn táº¡i Viá»‡t Nam Ä‘i sÃ¢u vÃ o lÄ©nh vá»±c xÃ¢y dá»±ng, táº­p há»£p há»‡ thá»‘ng vÄƒn báº£n quy pháº¡m phÃ¡p luáº­t cá»§a nÆ°á»›c Cá»™ng hÃ²a xÃ£ há»™i chá»§ nghÄ©a VN",,https://luatvietnam.vn,21 Jan 2018,7:31 PM,145,116,26,14,135,0,0,https://pbs.twimg.com/profile_images/1194516995036741638/t_EI2amG_400x400.jpg,
3102742250,Tráº§n Ngá»c Huyá»n,tranngochuyen2,Tá»i ğŸ’â€â™€ï¸,,,21 Mar 2015,11:46 PM,1,4,4,0,1,0,0,https://pbs.twimg.com/profile_images/1242307783623446528/6Lq1DS-3_400x400.jpg,https://pbs.twimg.com/profile_banners/3102742250/1585024232/1500x500
962891449594298368,Giavang.net,GiavangN,http://Giavang.netÂ  lÃ  má»™t trong nhá»¯ng website dÃ nh cho nhÃ  Ä‘áº§u tÆ° kinh doanh trÃªn thá»‹ trÆ°á»ng vÃ ng.,"Hanoi, Vietnam",,11 Feb 2018,7:29 PM,9140,329,157,17,0,0,0,https://pbs.twimg.com/profile_images/1189364146896113670/IBH0nD1q_400x400.jpg,https://pbs.twimg.com/profile_banners/962891449594298368/1572401486/1500x500
2158122848,For SEOer Pro,ForSEOerPro,Branding - Marketing - SEO - Website Design,HÃ  Ná»™i,http://i-create-solutions.com/,26 Oct 2013,10:09 PM,1838,1974,73,146,2,0,0,https://pbs.twimg.com/profile_images/378800000805050314/eab2e744a44ea3636f4ff4c3526c6ac2_400x400.png,
3040958010,Qatar Embassy in Hanoi - Vietnam,QatarEmb_Hanoi,"Ø§Ù„Ø­Ø³Ø§Ø¨ Ø§Ù„Ø±Ø³Ù…ÙŠ Ù„Ø³ÙØ§Ø±Ø© Ø¯ÙˆÙ„Ø© Ù‚Ø·Ø± ÙÙ‰ Ù‡Ø§Ù†ÙˆÙ‰, ÙÙŠØªÙ†Ø§Ù…  TÃ i khoáº£n Twitter chÃ­nh thá»©c cá»§a Äáº¡i sá»© quÃ¡n NhÃ  nÆ°á»›c Ca-Ta táº¡i HÃ  Ná»™i  Instagram: qatarembassyinvietnam",,http://hanoi.embassy.qa/en,25 Feb 2015,12:49 AM,271,68,6647,425,66,0,1,https://pbs.twimg.com/profile_images/920171004076244992/U3-MMGRx_400x400.jpg,https://pbs.twimg.com/profile_banners/3040958010/1508220825/1500x500
1240195661691097088,White bath effective,NguynTh34955623,White bath specialist,HÃ  Ná»™i ,https://thammysen.vn/,18 Mar 2020,1:37 AM,19,6,0,0,4,0,0,https://pbs.twimg.com/profile_images/1240195957850947584/VTPg0XLW_400x400.jpg,
872653781455872000,Sri Lanka in Vietnam,SLinVietnam,Sri Lanka Embassy,,http://www.slembvn.com/,7 Jun 2017,8:17 PM,248,107,588,18,60,0,0,https://pbs.twimg.com/profile_images/872656557305024512/TsuZ_Yzi_400x400.jpg,https://pbs.twimg.com/profile_banners/872653781455872000/1496892599/1500x500
1115215873390735361,LÃ½ ThÃºy,LThy75448724,,HÃ  Ná»™i,https://touchbuy.vn,8 Apr 2019,4:32 AM,59,3,0,12,49,0,0,https://pbs.twimg.com/profile_images/1115216607553310725/XkaKqxcj_400x400.jpg,
5533262,Jacob Gadikian,gadikian,father | husband to @sopheavyswin101 | cofounder @universelabs | enthusiastic cook | Bitcoin | Open Source Everything,,http://github.com/faddat,26 Apr 2007,10:04 AM,21433,4953,2172,45296,727,0,0,https://pbs.twimg.com/profile_images/1159069669510328320/VjPTfKtU_400x400.jpg,https://pbs.twimg.com/profile_banners/5533262/1569497175/1500x500
1038975522120687617,Xuáº¥t Kháº©u Lao Äá»™ng Uy TÃ­n,NinhQmc,ThÃ´ng bÃ¡o Tuyá»ƒn sinh & Tuyá»ƒn dá»¥ng xuáº¥t kháº©u lao Ä‘á»™ng vÃ  du há»c nghá» cÃ¡c nÆ°á»›c Lh: 0986104548,,,9 Sep 2018,7:20 PM,13,47,16,10,5,0,0,https://pbs.twimg.com/profile_images/1149564407275380738/w8LM6itK_400x400.jpg,https://pbs.twimg.com/profile_banners/1038975522120687617/1562912489/1500x500
710064166468341760,VnExpress,vietnamenglish,"VnExpress International covers politics, economics, development, travel and culture in Vietnam and Southeast Asia.","Hanoi, Vietnam",http://e.vnexpress.net/,16 Mar 2016,4:24 AM,11292,762,8959,31,2543,0,0,https://pbs.twimg.com/profile_images/714760714620182528/ONK8oE2Q_400x400.jpg,https://pbs.twimg.com/profile_banners/710064166468341760/1490321252/1500x500
1062163793206079488,phutrinh,phutrinh7,Fulltime trader of Stocks. Wyckoffian. #broker for individual investors in Vietnam Stock Market.,"Hanoi, Vietnam",http://wyckoff.vn,12 Nov 2018,6:02 PM,82,51,15,46,8,0,0,https://pbs.twimg.com/profile_images/1172774196629295106/WWzWDxHK_400x400.jpg,https://pbs.twimg.com/profile_banners/1062163793206079488/1568446133/1500x500
835879134471442433,covid-69,legendarygook,"Husband, father of 1, food enthusiast, wine connoisseur, VCP General Secretary, and yoga instructor at night. Tweets are my own, not the Government.","Hanoi, Vietnam",http://gov.cn,26 Feb 2017,7:48 AM,14020,85,75,29206,29,0,0,https://pbs.twimg.com/profile_images/1234063932794392577/27l1jtAc_400x400.jpg,https://pbs.twimg.com/profile_banners/835879134471442433/1566945359/1500x500
981854105181147136,TRAN KHANH DINH,TRANKHANHDINH1,",... I am a scientist (biochemist), I have retired. I make liquid fertilizer to provide nutrients for plants. I wish everyone good relations with me and good",,,5 Apr 2018,4:20 AM,1647,1955,73,732,14,0,0,https://pbs.twimg.com/profile_images/981855047888678914/JHX00UVH_400x400.jpg,https://pbs.twimg.com/profile_banners/981854105181147136/1522993031/1500x500
1240498860918632449,TT,timtroubles,All I know is that I know nothing,"Hanoi, Vietnam",,18 Mar 2020,9:42 PM,26,17,8,32,4,0,0,https://pbs.twimg.com/profile_images/1240510077598982145/pJaykzQY_400x400.jpg,https://pbs.twimg.com/profile_banners/1240498860918632449/1584595626/1500x500
861039726957953024,TAHOMA,TAHOMAKAWA,ngÆ°á»i cÅ© quan tÃ¢m,,,6 May 2017,7:07 PM,55,143,19,82,22,0,0,https://pbs.twimg.com/profile_images/1238709158972538880/lIBo40gG_400x400.jpg,https://pbs.twimg.com/profile_banners/861039726957953024/1582366857/1500x500
1208675679224483840,Mohit- Vietnam ğŸ‡»ğŸ‡³â¤ï¸ğŸ‡®ğŸ‡³,MohitVietnam,"CONSULTANCY BUSINESS & IMPORT EXPORT, love modiji â¤ï¸â¤ï¸â¤ï¸ à¤œà¤¯ à¤¶à¥à¤°à¥€ à¤°à¤¾à¤®à¥¤","Hanoi, Vietnam",,22 Dec 2019,1:08 AM,508,127,36,5222,81,0,0,https://pbs.twimg.com/profile_images/1246832807365632011/wvw_TBpB_400x400.jpg,https://pbs.twimg.com/profile_banners/1208675679224483840/1582622317/1500x500
895240955795709952,Dung Phung,thannong_net,CEO at Than Nong Limited,,http://thannong.net,9 Aug 2017,4:10 AM,1614,63,7,7,361,0,0,https://pbs.twimg.com/profile_images/957632822025510913/Kxxt7-K6_400x400.jpg,https://pbs.twimg.com/profile_banners/895240955795709952/1517152430/1500x500
2590943138,Thu Huyen,huyenGEF,"UNDP/GEF SGP National Coordinator;  UN-REDD 1 - National Programme Manager, FPIC Team Leader",,http://sgp.undp.org,27 Jun 2014,12:04 AM,343,114,320,955,56,0,0,https://pbs.twimg.com/profile_images/893848068155559937/bZmtNR2S_400x400.jpg,https://pbs.twimg.com/profile_banners/2590943138/1494914788/1500x500
213932351,Lee Thang,thangleadervn,"Economist, Agribusiness, market analyse, research from Africa/Middle east/South America to Vietnam","Hanoi, Vietnam",,9 Nov 2010,7:58 PM,1277,488,323,603,109,0,0,https://pbs.twimg.com/profile_images/1221761071381237764/WODfGjOv_400x400.jpg,https://pbs.twimg.com/profile_banners/213932351/1577931846/1500x500
723087014719983617,Chá»£ Xe NÃ¢ng,choxenang,Chá»£ xe nÃ¢ng chÃºng tÃ´i cung cáº¥p táº¥t cáº£ cÃ¡c loáº¡i xe nÃ¢ng hÃ ng vÃ  xe thang nÃ¢ng ngÆ°á»i. Vá»›i kho táº¡i hÃ  ná»™i vÃ  tphcm cÃ¹ng há»‡ thá»‘ng phÃ¢n phá»‘i Ä‘áº£m báº£o giao hÃ ng nhanh,"HÃ  Ná»™i, Viá»‡t Nam",https://choxenang.vn/,21 Apr 2016,2:52 AM,1004,9,13,47,314,0,0,https://pbs.twimg.com/profile_images/1007173350236360704/cv-AtJeQ_400x400.jpg,
1198307137669091329,Maris,Maris10302,â¤ â¤ â¤,"HÃ  Ná»™i, Viá»‡t Nam",,23 Nov 2019,10:27 AM,4,12,1,55,2,0,0,https://pbs.twimg.com/profile_images/1232613953475244033/flmSyyxZ_400x400.jpg,https://pbs.twimg.com/profile_banners/1198307137669091329/1582713097/1500x500
1244763234,TrÆ°Æ¡ng CÃ´ng Tháº¯ng,truongthang888,,HÃ  Ná»™i,https://truongcongthang.com,5 Mar 2013,2:47 PM,11476,919,271,74,6661,0,0,https://pbs.twimg.com/profile_images/925021344663683072/8yK3XyUd_400x400.jpg,
1231791268469989376,ShopDunk,ThiH04225789,Chuá»—i SiÃªu Thá»‹ Apple,HÃ  Ná»™i,https://shopdunk.com,23 Feb 2020,8:02 PM,445,0,3,0,2,0,0,https://pbs.twimg.com/profile_images/1231791991052095490/6TDcNRL4_400x400.jpg,https://pbs.twimg.com/profile_banners/1231791268469989376/1582517167/1500x500
4326137957,GÃ³c Sá»©c Khá»e,gocsuckhoe,blog chia sáº» vá» sá»©c khoáº» thÃ´ng qua Äƒn uá»‘ng vÃ  luyá»‡n táº­p,"HÃ  Ná»™i, Viá»‡t Nam",http://www.gocsuckhoe.com,29 Nov 2015,10:34 PM,27,82,50,17,7,0,0,https://pbs.twimg.com/profile_images/1118952141689741312/0rj-i1cm_400x400.jpg,https://pbs.twimg.com/profile_banners/4326137957/1451575576/1500x500
1080419797488156679,Etienne Mahler,EtienneMahler,"Student of Vietnamese Studies, blogger, and subeditor for a newspaper as well as some academic publications. Loves tech stuff, free thinking, and games.","Hanoi, Vietnam",http://etiennemahler.com,2 Jan 2019,3:05 AM,205,141,32,396,27,0,0,https://pbs.twimg.com/profile_images/1101080270378168320/ZhFKyfxX_400x400.png,https://pbs.twimg.com/profile_banners/1080419797488156679/1566658556/1500x500
1239214469596631041,Pháº¡m Kháº¯c NguyÃªn,PhmKhcNguyn2,Proud to be pansexualğŸ³ï¸â€ğŸŒˆ,"HÃ  Ná»™i, Viá»‡t Nam",https://www.facebook.com/nguyen.phamkhac.10,15 Mar 2020,8:38 AM,83,1,2,370,25,0,0,https://pbs.twimg.com/profile_images/1239215134901334017/6lxGR9k4_400x400.jpg,https://pbs.twimg.com/profile_banners/1239214469596631041/1584286998/1500x500
1069793637028876288,3Minhmeow,3Minhmeow,I make Fashion Illustration Please DON'T steal/use/repost my designs without permission,Hanoi,https://www.instagram.com/minhmeow3/,3 Dec 2018,7:20 PM,5791,824,213,27827,458,0,0,https://pbs.twimg.com/profile_images/1241024056578596865/j-S7qf0I_400x400.jpg,https://pbs.twimg.com/profile_banners/1069793637028876288/1585738086/1500x500
740564969788317696,Nguyen Tien Dat,DatNguyen1002,TÆ° Váº¥n TÃ i ChÃ­nh cÃ¹ng Manulife     ÄT / Zalo: 0972576523  Facebook: http://Facebook.com/n.dat1002Â  Instagram: http://instagram.com/nguyendat1002Â ,"Hanoi, Vietnam",,8 Jun 2016,8:23 AM,943,92,24,640,29,0,0,https://pbs.twimg.com/profile_images/1242315218165706753/T4j1MiaA_400x400.jpg,https://pbs.twimg.com/profile_banners/740564969788317696/1584978578/1500x500
23178492,Brett Wertz,hehyeah,Lover of the Pentel R.S.V.P. ballpoint pen. Hotel lobby flower arrangement enthusiast.,"HÃ  Ná»™i, Viá»‡t Nam",http://Instagram.com/therealbrettw,7 Mar 2009,12:42 AM,954,465,423,2346,25,0,0,https://pbs.twimg.com/profile_images/1153151989812826113/Xoh25dSq_400x400.jpg,https://pbs.twimg.com/profile_banners/23178492/1564496955/1500x500
938468424061108224,shilverone,sonfrohd,Views are mine. Tweets and re-tweets are not endorsements.,,,6 Dec 2017,10:01 AM,811,1446,166,1448,42,0,0,https://pbs.twimg.com/profile_images/1243564422917808133/QEJDjS5q_400x400.jpg,
703074853,Nghiem Vietanh,vietanh678,,Hanoi,,18 Jul 2012,6:35 AM,26796,1024,1508,11586,291,0,0,https://pbs.twimg.com/profile_images/519009486409695232/EOY6GYYf_400x400.jpeg,https://pbs.twimg.com/profile_banners/703074853/1438590703/1500x500
1080858371148832768,Vietnamtonkin1,vietnamtonkin1,"Vietnam Tonkin Travel is the most famous and prestigious website that offer Halongbay Cruises, Sapa, Hagiang, all of travel services in the northern Vietnam.",,http://vietnamtonkintravel.com,3 Jan 2019,8:08 AM,140,1,4,2,83,0,0,https://pbs.twimg.com/profile_images/1080859057752223744/mIaWHeD5_400x400.jpg,https://pbs.twimg.com/profile_banners/1080858371148832768/1546532089/1500x500
1233336518065811456,Bui Hung,BuiHung23708454,ğ‘·ğ’‰ğ’ğ’•ğ’ğ’ˆğ’“ğ’‚ğ’‘ğ’‰ğ’†ğ’“ ğŸ“· ğ‘®ğ’“ğ’‚ğ’‘ğ’‰ğ’Šğ’„ ğ‘«ğ’†ğ’”ğ’Šğ’ˆğ’ğ’†ğ’“ âœ’ï¸,Hanoi,,28 Feb 2020,2:22 AM,88,389,185,102,36,0,0,https://pbs.twimg.com/profile_images/1233337562648809472/DO9o1Xar_400x400.jpg,
579518597,RoMi24h.com,honganh456,Äá»c SÃ¡ch,,http://www.romi24h.com,13 May 2012,8:46 PM,2153,288,41,36,501,0,0,https://abs.twimg.com/sticky/default_profile_images/default_profile_400x400.png,
719455299929636864,Tuáº¥n Viá»‡t,tuanviet6268,Abc,,,11 Apr 2016,2:21 AM,208,44,8,22,44,0,0,https://pbs.twimg.com/profile_images/1241279563449036800/DxquqE44_400x400.jpg,https://pbs.twimg.com/profile_banners/719455299929636864/1584779173/1500x500
1241985343995314177,Tigerlinh,Tigerlinh1,,,,23 Mar 2020,12:09 AM,5,1,0,5,4,0,0,https://pbs.twimg.com/profile_images/1242015363040083974/Prx-nCp2_400x400.jpg,https://pbs.twimg.com/profile_banners/1241985343995314177/1584954706/1500x500
703602186023018496,Tung Ngo,TungNgoCNA,@ChannelNewsAsia in Vietnam / reach via tung.ngo@mediacorp.com.sg / Tweets are my own / RT not endorsement,"Hanoi, Vietnam",http://cna.asia,27 Feb 2016,7:26 AM,720,2737,1280,437,100,0,0,https://pbs.twimg.com/profile_images/1080753306438266882/ZnbGZmHX_400x400.jpg,https://pbs.twimg.com/profile_banners/703602186023018496/1466328523/1500x500
3138340484,EmbaVEVietnam,VietnamVzla,,,http://vietnam.embajada.gob.ve/,3 Apr 2015,8:04 PM,2071,633,1628,1076,319,0,0,https://pbs.twimg.com/profile_images/1161125497994006529/6jX6F2lu_400x400.jpg,https://pbs.twimg.com/profile_banners/3138340484/1553316152/1500x500
1056506525567528961,Vietnamhoc,vietnamhoc,Master Tourism,,http://www.didulich.net,28 Oct 2018,4:22 AM,532,169,8,14,32,0,0,https://pbs.twimg.com/profile_images/1235615852503826434/gfKofhfF_400x400.jpg,https://pbs.twimg.com/profile_banners/1056506525567528961/1581263977/1500x500
917574143813459968,Hanoitimes,Hanoitimes2,"Online newspaper: News about Hanoi, the capital of Vietnam https://www.facebook.com/hanoitimes2017/Â  http://hanoitimes.com.vn/Â ",,,9 Oct 2017,7:14 PM,2476,93,412,28,2453,0,0,https://pbs.twimg.com/profile_images/917575104229343232/1iGXyF01_400x400.jpg,https://pbs.twimg.com/profile_banners/917574143813459968/1507602542/1500x500
1182839513384509440,Phaolo ThiÃªm,PhaoloThiem,,"HÃ  Ná»™i, Viá»‡t Nam",,11 Oct 2019,7:05 PM,69,200,8,68,66,0,0,https://pbs.twimg.com/profile_images/1182841344777015297/Q12ohCR0_400x400.jpg,https://pbs.twimg.com/profile_banners/1182839513384509440/1577766536/1500x500
836164441024520192,GovtOfficeMedia,VNGovtPortal,Official Twitter channel of the Viet Nam Government Portal (VGP) with latest news from the Vietnamese Government (RTs/follows/likes â‰  endorsement),"Ha Noi, Viet Nam",http://news.gov.vn,27 Feb 2017,2:41 AM,2681,669,7849,2054,1915,0,0,https://pbs.twimg.com/profile_images/1216023283004370945/SEoSYdtG_400x400.jpg,https://pbs.twimg.com/profile_banners/836164441024520192/1573033147/1500x500
298374770,Lap Top,indochinanomads,"Travel Tourism Leisure professional. Father of two children, travel stories.Disadvantage youth support. Founder Hanoi Food Culture/ Insight Hanoi Travel",Hanoi- Vietnam,http://insighthanoitravel.com,13 May 2011,11:17 PM,753,1797,944,1193,189,0,0,https://pbs.twimg.com/profile_images/1235051736194306049/oB7a7JFV_400x400.jpg,https://pbs.twimg.com/profile_banners/298374770/1451686114/1500x500
701100502709219328,ğ“ ğŸ§ğŸ»â€â™‚ï¸,realT_intoBP,ğğğ‹ğ˜ 4 BLACKPINK. ğŸ¤·ğŸ»â€â™‚ï¸,"HÃ  Ná»™i, Viá»‡t Nam",,20 Feb 2016,9:46 AM,18153,261,381,29103,397,0,0,https://pbs.twimg.com/profile_images/1246007259005501442/K5E064mU_400x400.jpg,https://pbs.twimg.com/profile_banners/701100502709219328/1585194073/1500x500
1017330578,HoÃ ng Má»¹ TÃ¢m Nguyá»…n,nhmtji116,ğŸ’“ì˜¤ëœ ì†Œì› since 2009 ğŸ’“ Army ChÃ¢n Phá»¥ ğŸ”ğŸ’œğŸ”,"Ha Noi, Vietnam",http://youtube.com/nhmtji116,17 Dec 2012,4:08 AM,15073,438,4,28547,1862,0,0,https://pbs.twimg.com/profile_images/1199380613310009344/EzUQGKq7_400x400.jpg,https://pbs.twimg.com/profile_banners/1017330578/1546064563/1500x500
2887616328,vietnam Motorbike,vietnambiker,http://vietnammotorbiketour.asia/Â  VIETNAM MOTORBIKE TOURS: Read reviews & Find the best deals for all guided motorcycle tours in Vietnam.,Hanoi city - Vietnam,https://vietnammotorbikeride.com/,2 Nov 2014,9:02 AM,2464,3548,695,414,1198,0,0,https://pbs.twimg.com/profile_images/1105013267049537536/tzHM_6dP_400x400.jpg,https://pbs.twimg.com/profile_banners/2887616328/1414951443/1500x500
1238020227444563968,NgÃ´ ThÃ nh,ngothanh1980,vá» nhÃ  vá»›i cÃ¡c con.,,,12 Mar 2020,1:33 AM,82,47,6,24,50,0,0,https://pbs.twimg.com/profile_images/1238022098443890688/_0lVxOLO_400x400.jpg,https://pbs.twimg.com/profile_banners/1238020227444563968/1584288754/1500x500
3681278592,Hoang Vuong,vuongqh,Author/Editor/Administrator. Phenikaa University & UniversitÃ© Libre de Bruxelles. Member of NAFOSTED Scientific Council (Vietnamese government fund for science),Hanoi,,25 Sep 2015,5:24 AM,404,114,113,791,25,0,0,https://pbs.twimg.com/profile_images/647387253656842240/5gvSw_So_400x400.png,https://pbs.twimg.com/profile_banners/3681278592/1567678098/1500x500
863234834,Hoa Ngo,HoaHanoi,"Work on development. Love arts, interested in politics and current affairs. My personal views. Retweets does not mean endorsements.",hanoi,,5 Oct 2012,8:31 AM,3875,146,312,759,108,0,0,https://pbs.twimg.com/profile_images/544799845752389632/gZEauaTi_400x400.jpeg,https://pbs.twimg.com/profile_banners/863234834/1527994329/1500x500
1307057012,TheDeerHunter,deer_kiler,ÎšÏ…ÏÎ¹Î»ÎµÏ‡Î±Î»Î±ÏÎ¿Ï€Î¿Î»Î¹Ï„Î¹ÎºÎ¿Ï„Î·Î»ÎµÏƒÏ€Î¿Ï Account ~ ArsenalÏŒÎ³Î±Ï…ÏÎ¿Ï‚ #WeAreOlympiacos,Hanoi Vietnam ,,27 Mar 2013,2:52 AM,77748,4414,5307,81198,1414,0,0,https://pbs.twimg.com/profile_images/838846004090777602/t1vq-y_r_400x400.jpg,https://pbs.twimg.com/profile_banners/1307057012/1512249415/1500x500
935038469864169472,VietnamCredit - The Cafeâ‚¬redit News,vietnamcredit_,VietnamCredit is Vietnam's first and leading Business Information provider and Credit Rating company. We are also the only Vietnamese member of ASIAGATE.,,http://www.vietnamcredit.com.vn,26 Nov 2017,10:51 PM,115,25,8,3,6,0,0,https://pbs.twimg.com/profile_images/935041553856266240/5IySGMhk_400x400.jpg,https://pbs.twimg.com/profile_banners/935038469864169472/1511766355/1500x500
1215256833520091136,CÃ ~~ ğŸ‡»ğŸ‡³,catrichxanh,"Just MewGulf, Song Ji Hyo, Running man, BTS ~~","HÃ  Ná»™i, Viá»‡t Nam",,9 Jan 2020,4:59 AM,1771,110,981,1934,490,0,0,https://pbs.twimg.com/profile_images/1224012951801090048/abymUd15_400x400.jpg,https://pbs.twimg.com/profile_banners/1215256833520091136/1580662404/1500x500
159865713,ebaohiem.com,ebaohiem,"Báº£o hiá»ƒm trá»±c tuyáº¿n eBaohiem  Ä‘Æ°á»£c sá»Ÿ há»¯u váº­n hÃ nh bá»Ÿi MonCover, tÆ° váº¥n vÃ  cung cáº¥p Báº£o hiá»ƒm sá»©c khoáº», Ã´ tÃ´, du lá»‹ch vÃ  cÃ¡c sáº£n pháº©m báº£o hiá»ƒm cho doanh nghiá»‡p","Hanoi, Vietnam",http://www.ebaohiem.com,26 Jun 2010,7:44 AM,1839,8,44,5,254,0,0,https://pbs.twimg.com/profile_images/1068820973745401856/l_y-Twcd_400x400.jpg,https://pbs.twimg.com/profile_banners/159865713/1543661699/1500x500
1228874146701922304,Sieuthishopbig,sieuthishopbig,kinh doanh táº¡i http://www.sieuthishopbig.comÂ ,,http://sieuthishopbig.com,15 Feb 2020,6:50 PM,28,1,0,18,16,0,0,https://pbs.twimg.com/profile_images/1232831095642587136/YuuYG1Iz_400x400.jpg,https://pbs.twimg.com/profile_banners/1228874146701922304/1581942074/1500x500
293319496,Quáº£n Trá»‹ Máº¡ng,QuanTriMangVN,Website chia sáº» má»i kiáº¿n thá»©c mÃ¡y tÃ­nh vÃ  máº¡ng tá»« cÆ¡ báº£n Ä‘áº¿n nÃ¢ng cao. HÆ°á»›ng dáº«n trá»±c quan thÃ´ng qua video hoáº·c hÃ¬nh áº£nh.,"Hanoi, VietNam",https://quantrimang.com/,4 May 2011,9:14 PM,46207,20,406,1,265,0,0,https://pbs.twimg.com/profile_images/875200308942692353/fGpPhl4n_400x400.jpg,https://pbs.twimg.com/profile_banners/293319496/1497499109/1500x500
991956352904843264,ThÄƒng Long OSC,OscLong,TÆ° váº¥n XKLD - Du há»c,,http://thanglongosc.com,3 May 2018,1:23 AM,200,9,2,1,34,0,0,https://pbs.twimg.com/profile_images/991957133523435520/JHo4y6qp_400x400.jpg,https://pbs.twimg.com/profile_banners/991956352904843264/1578969494/1500x500
1239101828152745984,Nguyen Duy Tuan Dat,IamNDTD,I come from #Vietnam and nice to meet you :) #VIETNAMQUYETTHANGDAIDICH #COVID19 #VietNamLeavesNoOneBehind,"Hanoi, Vietnam",,15 Mar 2020,1:12 AM,19,12,0,20,6,0,0,https://pbs.twimg.com/profile_images/1239103557925650432/x1Y2VgSY_400x400.jpg,https://pbs.twimg.com/profile_banners/1239101828152745984/1585535142/1500x500
402628948,Paul Phan,_paul_phan,FullStack Developer @ `http://bravebits.vnÂ ` Creator & Technical Leader @ http://pagefly.ioÂ  Speaker Dreamer ...,HÃ  Ná»™i,https://paulphan.me,1 Nov 2011,3:50 AM,8805,540,340,6798,3048,0,0,https://pbs.twimg.com/profile_images/2530865502/rx0d7atnv4jkmf9srvb0_400x400.jpeg,https://pbs.twimg.com/profile_banners/402628948/1488609921/1500x500
1118335609062318082,betbong365,betbong365,"CÃ¡ Äá»™ BÃ³ng ÄÃ¡ Trá»±c Tuyáº¿n BetBong365 Tip CÃ¡ Äá»™ Miá»…n PhÃ­ Sá»‘ 1 Viá»‡t Nam Website: https://betbong365.com/Â  Äá»‹a chá»‰: 115 Nguyá»…n LÆ°Æ¡ng Báº±ng, Nam Dong, Äá»‘ng Äa, Hanoi",,,16 Apr 2019,7:09 PM,3251,110,16,14,53,0,0,https://pbs.twimg.com/profile_images/1118336031718121472/xuD9dv2O_400x400.png,https://pbs.twimg.com/profile_banners/1118335609062318082/1555467291/1500x500
722133346793291776,Äá»— Minh Thá»‘ng,typhuvn168,Báº¥t Äá»™ng Sáº£n,"HÃ  Ná»™i, Viá»‡t Nam",,18 Apr 2016,11:43 AM,8,54,43,7,6,0,0,https://pbs.twimg.com/profile_images/1100586800488181760/IfSrC1Mb_400x400.jpg,https://pbs.twimg.com/profile_banners/722133346793291776/1551235316/1500x500
958737088937041920,VÅ© Quang TÃ¹ng,BaoTGVN,,"Hanoi, Vietnam",http://www.baoquocte.vn//www.tgvn.com.vn,31 Jan 2018,8:21 AM,469,237,50,299,18,0,0,https://pbs.twimg.com/profile_images/958862431484129280/02TOfADk_400x400.jpg,https://pbs.twimg.com/profile_banners/958737088937041920/1517445647/1500x500
404352422,Kaye MacIver,mrs_iver,The British Vietnamese International School Hanoi- Assistant Head of Secondary (Academic),"Hanoi, Vietnam",,3 Nov 2011,1:10 PM,1520,1013,564,2731,0,0,0,https://pbs.twimg.com/profile_images/1194484170124189704/xzdHwLYn_400x400.jpg,https://pbs.twimg.com/profile_banners/404352422/1527766638/1500x500
2931718514,Ngo Van Dung,ngovandungkt1b1,,"Ha Noi, Vietnam",https://www.facebook.com/ngovandungkt1b,15 Dec 2014,5:49 PM,1331,143,181,40,334,0,0,https://pbs.twimg.com/profile_images/994075267701334016/jMkhze_A_400x400.jpg,https://pbs.twimg.com/profile_banners/2931718514/1418737690/1500x500
3328280958,"Vu Quoc Ngu, MSc",NguMSc,Director of Vietnam's Defend the Defenders and editor-in-chief of its website http://vietnamhumanrightsdefenders.netÂ ,,,24 Aug 2015,2:40 AM,689,155,711,45,2,0,0,https://pbs.twimg.com/profile_images/1192598235161993216/mebU5MJZ_400x400.jpg,
403227915,leeteukie,leeteukie_13,SJ-HNFC,,,1 Nov 2011,11:13 PM,301,34,15,2780,23,0,0,https://pbs.twimg.com/profile_images/1210827689201815552/9qvnvmtD_400x400.jpg,https://pbs.twimg.com/profile_banners/403227915/1577518837/1500x500
179642610,Winnie Wakanda Washington ğŸ‡¿ğŸ‡¦,WinnieWakandaW,South African queen living in Vietnam. Come on follow me. You know you want  to ğŸ–¤.,"Hanoi, Vietnam",https://youtu.be/T0ijJZ5TVyM,17 Aug 2010,12:58 PM,35156,14484,19570,1754,0,0,0,https://pbs.twimg.com/profile_images/1004006547125559297/rbCofH_F_400x400.jpg,https://pbs.twimg.com/profile_banners/179642610/1525716727/1500x500
878206873408651264,ï£¿Nam,Mackey_Nguyen,"ï£¿Fan, hate Android fanboys, love Android. Speak 2 languages ğŸ‡»ğŸ‡³ ğŸ‡¬ğŸ‡§, 1 more is learning ğŸ‡«ğŸ‡·. Jâ€™Ã©tudie FranÃ§ais :)","Hanoi, Vietnam",,23 Jun 2017,4:03 AM,3121,40,40,746,375,0,0,https://pbs.twimg.com/profile_images/1240687095988928512/djqLD_Er_400x400.jpg,https://pbs.twimg.com/profile_banners/878206873408651264/1584637809/1500x500
1061206732809023488,Binhtwist60,binhtwist60,Chuáº©n má»±c,"HÃ  Ná»™i, Viá»‡t Nam",,10 Nov 2018,2:39 AM,974,204,35,4887,0,1,0,https://pbs.twimg.com/profile_images/1061209148409315329/MGJ4Sa4W_400x400.jpg,https://pbs.twimg.com/profile_banners/1061206732809023488/1579940257/1500x500
1133200254893903873,NhÃ¢n DÃ¢n en ligne,nhandanenligne,"Le journal NhÃ¢n DÃ¢n, organe central du Parti Communiste du Vietnam et Voix du Parti, de lâ€™Ã‰tat et du peuple vietnamiens.",,https://fr.nhandan.org.vn,27 May 2019,7:36 PM,1214,36,8,1145,1,0,0,https://pbs.twimg.com/profile_images/1133200896052027392/9VeBrUpB_400x400.jpg,https://pbs.twimg.com/profile_banners/1133200254893903873/1559011188/1500x500
16941434,TRINH Minh Giang,gmtvn,CEO of VMCG,Hanoi,http://vmcg.vn,23 Oct 2008,7:13 PM,1015,297,871,40,19,0,0,https://pbs.twimg.com/profile_images/742991561575829504/_8rjYaG0_400x400.jpg,https://pbs.twimg.com/profile_banners/16941434/1440344961/1500x500
886270740474896386,Nguyen Van Linh,SongLinh9388,tiengtrungdhhn@gmail.com,"HÃ  Ná»™i, Viá»‡t Nam",,15 Jul 2017,10:06 AM,19,132,8,1,16,0,0,https://pbs.twimg.com/profile_images/886271492085825536/myH9CkHy_400x400.jpg,https://pbs.twimg.com/profile_banners/886270740474896386/1583337363/1500x500
120014735,Quá»³nh VÅ©,quynhvunb,Nothing impossible,,https://luxury-inside.vn,4 Mar 2010,10:41 PM,3453,82,1218,6,2049,0,0,https://pbs.twimg.com/profile_images/1148769250166956032/L1BiS-je_400x400.png,https://pbs.twimg.com/profile_banners/120014735/1492134700/1500x500
544997111,Ambasada RP w Hanoi,PLinVietnam,Ambasada Rzeczypospolitej Polskiej w Hanoi; Embassy of the Republic of Poland in Hanoi,,http://www.hanoi.msz.gov.pl,4 Apr 2012,2:52 AM,2303,210,1783,1397,716,0,0,https://pbs.twimg.com/profile_images/887113307118632961/nNS_PIMS_400x400.jpg,https://pbs.twimg.com/profile_banners/544997111/1500339068/1500x500
1122518262200225792,BRO_GrilledLambSkewers,162Jiyoung,"BTS fan accountğŸ’œ, thank for follow me, ğŸ˜Š remember to like my post ğŸ˜ğŸ˜ğŸ™",,,28 Apr 2019,8:09 AM,507,97,72,6324,258,0,0,https://pbs.twimg.com/profile_images/1227621491904114688/k7JSa9zR_400x400.jpg,https://pbs.twimg.com/profile_banners/1122518262200225792/1581522747/1500x500
1318472736,ã…Šã…‡ã…‚ã…‚ã…,NTH_2705,"ğµğ‘’ ğ‘ğ‘Ÿğ‘ğ‘£ğ‘’, ğµğ‘’ â„ğ‘¢ğ‘šğ‘ğ‘™ğ‘’, ğµğ‘’ ğ‘“ğ‘’ğ‘ğ‘Ÿğ‘™ğ‘’ğ‘ ğ‘   #EXO #CHANBAEK #SUPERJUNIOR #EUNHAE","VIETNAM, HANOI",https://www.instagram.com/_nth.2705_/,31 Mar 2013,7:29 AM,20813,150,322,3524,9169,0,0,https://pbs.twimg.com/profile_images/1244930383935754240/PJd5Rv93_400x400.jpg,https://pbs.twimg.com/profile_banners/1318472736/1584637321/1500x500
1237965561331462144,NamCao_Hobi,NamHope_J,Chá»‰ yÃªu duy nháº¥t Bangtan. Bias NamHope Blog NhÃ  cá»§a Trá»©ng Fan account @BTS_twt,"HÃ  Ná»™i, Viá»‡t Nam",,11 Mar 2020,9:56 PM,230,86,27,104,30,0,0,https://pbs.twimg.com/profile_images/1237966328494837762/jTZN4pGf_400x400.jpg,https://pbs.twimg.com/profile_banners/1237965561331462144/1583989217/1500x500
808829347,Rosie Báº¯p,kiemphongkim252,Crazy Sagittarius with big heart! â¤,"Hanoi, Vietnam",https://www.facebook.com/diemngo252/,7 Sep 2012,5:57 AM,17,25,3,11,2,0,0,https://pbs.twimg.com/profile_images/1170721386890838016/Nhw2HPkk_400x400.jpg,https://pbs.twimg.com/profile_banners/808829347/1571468774/1500x500
102428336,Second Class Citizen,bgradecitizen,"My EQ is inversely proportional to my IQ. First class citizen in India are politicians and bureaucrats, we come second. #Amitshahisking",,,6 Jan 2010,9:27 AM,69024,783,697,687,678,0,0,https://pbs.twimg.com/profile_images/532115428286287872/ONrx7CP4_400x400.jpeg,
994851958841372673,Chris Humphrey,HumphreyWrites,"Vietnam-based journalist. Bureau Chief for @dpa, bylines in @guardian, @AJEnglish, @SCMPNews and @mongabay.","Hanoi, Vietnam",,11 May 2018,1:09 AM,65,289,471,86,7,0,0,https://pbs.twimg.com/profile_images/996734781562929155/sMli3bv9_400x400.jpg,https://pbs.twimg.com/profile_banners/994851958841372673/1580806248/1500x500
1039150347954974726,Hana.xyx,xyx_hana,,"HÃ  Ná»™i, Viá»‡t Nam",,10 Sep 2018,6:55 AM,173,78,4,1056,23,0,0,https://pbs.twimg.com/profile_images/1208445879457239040/9YqMxFCo_400x400.jpg,https://pbs.twimg.com/profile_banners/1039150347954974726/1536587938/1500x500
1363620014,Pháº¡m Sinh,Kunitwru,,,http://nsdt.net,18 Apr 2013,10:08 PM,411,269,133,17,176,0,0,https://pbs.twimg.com/profile_images/915115738607771648/UsfjW0M-_400x400.jpg,https://pbs.twimg.com/profile_banners/1363620014/1444707730/1500x500
1102567779440324608,Trá»ng XoXo,XoxoTrong,Say Super Fast :3,"HÃ  Ná»™i, Viá»‡t Nam",,4 Mar 2019,5:53 AM,80,38,6,565,51,0,0,https://pbs.twimg.com/profile_images/1102608413039554561/QbTAX6IK_400x400.jpg,https://pbs.twimg.com/profile_banners/1102567779440324608/1551717741/1500x500
1234366141272743936,TopFood TV,TopfoodT,cooking Easy,,https://www.youtube.com/channel/UCzGjyBiArq-0jp4lJHNcr_Q,1 Mar 2020,10:34 PM,12,284,23,1,11,0,0,https://pbs.twimg.com/profile_images/1238078982131560455/70tE3f2a_400x400.jpg,https://pbs.twimg.com/profile_banners/1234366141272743936/1584025943/1500x500
69587900,Tiáº¿n HÆ°ng,tienhungdg,http://facebook.com/tienhungdgÂ ,"Hanoi, Vietnam",http://phamtienhung.vn,28 Aug 2009,6:31 AM,4111,493,351,82,66,0,0,https://pbs.twimg.com/profile_images/617773835840913408/Xt1L2Nd1_400x400.jpg,
1219268131866038279,Brandon Cassanova,BrandonCassano5,Teacher,,,20 Jan 2020,6:39 AM,21,105,2,9,5,0,0,https://pbs.twimg.com/profile_images/1220361896886276096/rxuT5O5e_400x400.jpg,https://pbs.twimg.com/profile_banners/1219268131866038279/1579792087/1500x500
1121774699363487750,Nguyá»…n VÄƒn San,san13051992,ChuyÃªn gia sá»©c khoáº» vÃ  tÃ¢m linh,HÃ  Ná»™i,https://www.camnangcuocsong.com/,26 Apr 2019,6:55 AM,50,34,4,2,45,0,0,https://pbs.twimg.com/profile_images/1124848334223564800/vbGZDeXl_400x400.png,https://pbs.twimg.com/profile_banners/1121774699363487750/1557019784/1500x500
2897319109,dimo,dimo_mi,after humans,Vietnam - Hanoi,,11 Nov 2014,11:41 PM,8263,314,98,4079,0,0,0,https://pbs.twimg.com/profile_images/1183104005372694528/TptBaoXe_400x400.jpg,https://pbs.twimg.com/profile_banners/2897319109/1582083774/1500x500
3226694466,HÃ  Ná»™i Scribbles,HanoiScribbles,Writes stuff online. Still amazed the web actually works. DM to collaborate,,http://onlinewords.co.uk,25 May 2015,8:26 PM,608,170,289,112,169,0,0,https://pbs.twimg.com/profile_images/603041999084630016/Sdy3nCgV_400x400.jpg,https://pbs.twimg.com/profile_banners/3226694466/1432612058/1500x500
1025672886630182912,rockreadam,rockreadam,à¤—à¤²à¤¤ â€¢à¤¤â€¢à¤—à¤²à¤¤ à¤šà¤¾à¤¹à¥‡ à¤®à¥‡à¤°à¤¾à¥‡ à¤¬à¤¾à¤‰ à¤¨à¥ˆ à¤•à¤¿à¤¨ à¤¨à¤¹à¤¾à¥‡à¤¸ Â¿ à¤šà¤¾à¥‡à¤° à¤…à¤¾à¥ˆà¤à¤²à¤¾ à¤ à¤¡à¥à¤¯à¤¾à¤¯à¤° à¤–à¤¬à¤°à¤¦à¤¾à¤° à¤®à¤¾à¤¤à¥à¤°à¥ˆ à¤¹à¤¾à¥‡à¤ˆà¤¨ à¤šà¤¾à¥‡à¤°à¤¿ à¤¦à¤¾à¤‰ à¤¹à¤¾à¤¨à¥‡à¤°à¥ˆ à¤­à¤¯à¤¨à¤¿ à¤ à¤¿à¤• à¤ªà¤¾à¤°à¥à¤›à¥ à¥¤,Ha noi vietnam ,,4 Aug 2018,2:20 AM,1087,951,271,4142,98,0,0,https://pbs.twimg.com/profile_images/1198250748229885952/b-3iS0TA_400x400.jpg,https://pbs.twimg.com/profile_banners/1025672886630182912/1550691456/1500x500
1051663794936541185,Tráº§n Ngá»c Hiáº¿u,Tran_Hieu_1506,,,,14 Oct 2018,7:39 PM,76,225,24,9,11,0,0,https://pbs.twimg.com/profile_images/1222717072104292352/F3og_V66_400x400.jpg,https://pbs.twimg.com/profile_banners/1051663794936541185/1580353444/1500x500
1197002624395964416,SONA Agency,LongntS,MARKETING Tá»”NG THá»‚ CAM Káº¾T DOANH Sá»,"HÃ  Ná»™i, Viá»‡t Nam",http://sonaagency.com,19 Nov 2019,8:04 PM,23,10,3,0,2,0,0,https://pbs.twimg.com/profile_images/1197354833528799233/Qs1Rp828_400x400.jpg,https://pbs.twimg.com/profile_banners/1197002624395964416/1574306614/1500x500
1238922508079751168,Dr_Panda2020,DR_Panda2020,"Just like UFC, you have to punch back when your rival beat you, with your heavy fists and real Kungfu. Embrace justice, God will love you more.",,,14 Mar 2020,1:18 PM,356,66,9,452,84,0,0,https://pbs.twimg.com/profile_images/1239174467261206530/3aikWFgA_400x400.jpg,https://pbs.twimg.com/profile_banners/1238922508079751168/1584277255/1500x500
1227436791273316354,Thinh Nguyen,realThinhIT,Software engineer and tech enthusiast from #Hanoi. #TSMWIN,"Hanoi, Vietnam",https://blog.ducthinh.net,11 Feb 2020,7:39 PM,134,62,22,851,14,0,0,https://pbs.twimg.com/profile_images/1227437229569650688/pQo-zaKA_400x400.jpg,
1101117880886685697,Pham The Dan,PhamTheDan1,Lawyer,,,28 Feb 2019,5:52 AM,73,15,22,7957,0,0,0,https://pbs.twimg.com/profile_images/1101151761748770816/PSjVp6kf_400x400.jpg,
877065518066221060,VÃ¡ch ngÄƒn vá»‡ sinh,vachvesinhgiare,,,http://vachvesinhgiare.com.vn/vach-ngan-ve-sinh,20 Jun 2017,12:28 AM,1860,25,25,0,1,0,0,https://pbs.twimg.com/profile_images/877067171808935936/eWdOV0YA_400x400.jpg,https://pbs.twimg.com/profile_banners/877065518066221060/1497944123/1500x500
971994447893348352,Luáº­t sÆ°  VÅ© Ngá»c DÅ©ng,luatsuvudungbvl,Luáº­t sÆ° Ä‘iá»u hÃ nh hÃ£ng Báº¯c Viá»‡t Luáº­t vá» tÆ° váº¥n Ä‘áº§u tÆ° vÃ  M&A( Mua bÃ¡n doanh nghiá»‡p)- http://www.bacvietluat.vnÂ  - HOTLINE:0938188889,"HÃ  Ná»™i, Viá»‡t Nam",http://vungocdung.info,8 Mar 2018,10:21 PM,829,366,55,13,5,0,0,https://pbs.twimg.com/profile_images/971996693909483520/eNX5ePM__400x400.jpg,
710834194016960514,Bach Lam,minhchantuong,"writer, freelancer, Falun Gong pratitioner",Hanoi,,18 Mar 2016,7:24 AM,818,0,7,1,17,0,0,https://pbs.twimg.com/profile_images/1161798469339639808/pV1MbOYJ_400x400.jpg,https://pbs.twimg.com/profile_banners/710834194016960514/1565766021/1500x500
1138789121856401408,â˜ï¸GÃ  thÃ¡nh thiá»‡nâ˜ï¸RESTâ˜ï¸I miss Jungkookâ˜ï¸ë°©íƒ„ì†Œë…„ë‹¨â˜ï¸,HuayingNguyen,"ğŸ’œBANGTAN lÃ  thanh xuÃ¢n,BANGTAN lÃ  thiÃªn tháº§n,xin mng Ä‘á»«ng lÃ m háº¡i cÃ¡c cáº­u áº¥y.DÃ¹ tháº¿ nÃ o tá»› vx mÃ£i á»Ÿ bÃªn cÃ¡c cáº­u. ARMY forever love BTSğŸ¥°Fan acc for @BTS_twt â¤ï¸","HÃ  Ná»™i, Viá»‡t Nam",,12 Jun 2019,5:44 AM,10367,804,916,8967,0,0,0,https://pbs.twimg.com/profile_images/1246078306094444544/XjA25Fxn_400x400.jpg,https://pbs.twimg.com/profile_banners/1138789121856401408/1585923205/1500x500
1104338565645791232,Vincent Nguyen,Vincent49819315,"Patent, tradenark and design in Vietnam, Lao, Cambodia and Myanmar. Father of two sons, rock ballads, Barca fan.","HÃ  Ná»™i, Viá»‡t Nam",http://www.vnipa.com,9 Mar 2019,3:10 AM,13,96,18,7,11,0,0,https://pbs.twimg.com/profile_images/1104382492738433025/moMbsvKd_400x400.jpg,https://pbs.twimg.com/profile_banners/1104338565645791232/1552140325/1500x500
831143542688870401,Äá»“ Gá»— Thu TÃº,dogothutu,Chá»§ XÆ°á»Ÿng Sáº£n Xuáº¥t Äá»“ Gá»— Cao Cáº¥p Giao HÃ ng ToÃ n Viá»‡t Nam LiÃªn há»‡: 0989122292 - 0989635555,"HÃ  Ná»™i, Viá»‡t Nam",https://dogothutu.com,13 Feb 2017,6:10 AM,321,372,60,47,292,0,0,https://pbs.twimg.com/profile_images/1183982646973493248/UtdG0JPV_400x400.jpg,https://pbs.twimg.com/profile_banners/831143542688870401/1571118436/1500x500
67615997,Ioannes Baptista,marciobu,CidadÃ£o da URSAL,Hanoi,http://estrepito.blogspot.com/,21 Aug 2009,7:10 AM,1077,813,133,295,49,0,0,https://pbs.twimg.com/profile_images/1044894243/D0106_1735_400x400.jpg,
973417460194881543,Oriental Lotus Travel,orientallotusvn,Oriental Lotus Travel provides the best-planned trip in the Northern Vietnam and extended trip throughout Vietnam.,,https://www.orientallotustravel.com/,12 Mar 2018,9:36 PM,23,0,6,2,21,0,0,https://pbs.twimg.com/profile_images/1189449962557280257/QRxQkMb8_400x400.jpg,https://pbs.twimg.com/profile_banners/973417460194881543/1572421920/1500x500
1238164668415275008,Min Min (NQ30082001),PhngQuynh30,Im a ZaintSee Im a Zunshine  Im a MingEr ğŸ¨â¤ğŸ°,,,12 Mar 2020,11:07 AM,327,9,6,193,176,0,0,https://pbs.twimg.com/profile_images/1244125891828928512/i8bIAaLF_400x400.jpg,https://pbs.twimg.com/profile_banners/1238164668415275008/1584037604/1500x500
90061430,Diane Lee,dileeshus,"Australian writer/editor based in Hanoi, Vietnam. Touched Benedict Cumberbatch once & made Markus Zusak guffaw, but not at the same time. That'd just be weird.",,http://www.dianelee.com.au,14 Nov 2009,5:03 PM,75406,2956,3879,493,1903,0,0,https://pbs.twimg.com/profile_images/862313015969841153/j5EcEEXe_400x400.jpg,https://pbs.twimg.com/profile_banners/90061430/1579922391/1500x500
26256933,lequocminh,lequocminh,"Sharing all, and fair...",Vietnam,http://www.vietnamjournalism.com,24 Mar 2009,8:26 AM,8718,118,263,54,60,0,0,https://pbs.twimg.com/profile_images/234192904/Photo_Profile_400x400.jpg,https://pbs.twimg.com/profile_banners/26256933/1375665299/1500x500
420396061,Min Gáº¥c,jiminbogosipda,Welcome to my profile!!! I have 7-handsome-guard-guys protect my account ğŸ¤£ Have fun and be friend ğŸ¥°,"Hanoi, Vietnam",https://www.instagram.com/min_mochi/,24 Nov 2011,7:32 AM,1415,176,552,6306,417,0,0,https://pbs.twimg.com/profile_images/1227788829903462400/KDs9DbcK_400x400.jpg,https://pbs.twimg.com/profile_banners/420396061/1560648858/1500x500
800301246,Obs,Obs257,Ø§Ù„Ø£ÙŠØ§Ù… ÙƒÙ„Ù‡Ø§ Ù…ØªØ´Ø§Ø¨Ù‡Ù‡ Ù„Ø¯ÙŠÙ†Ø§ØŒ ÙˆØ¹Ù†Ø¯Ù…Ø§ ØªØªØ´Ø§Ø¨Ù‡ Ø§Ù„Ø£ÙŠØ§Ù…ØŒ ÙÙ‡Ø°Ø§ ÙŠØ¹Ù†ÙŠ Ø£Ù† Ø§Ù„Ù†Ø§Ø³ Ù‚Ø¯ ØªÙˆÙ‚ÙÙˆØ§ Ø¹Ù† Ù…Ø´Ø§Ù‡Ø¯Ø© Ø§Ù„Ø§Ø´Ø§Ø¡ Ø§Ù„Ø·ÙŠØ¨Ù‡ Ø§Ù„ØªÙŠ ØªØ®Ø·Ø± ÙÙŠ Ø­ÙŠØ§ØªÙ‡Ù… Ø·Ø§Ù„Ù…Ø§ Ø£Ù† Ø§Ù„Ø´Ù…Ø³ ØªØ¹Ø¨Ø± Ø§Ù„Ø³Ù…Ø§Ø¡ Ø¨Ø¥Ø³ØªÙ…Ø±Ø§Ø±..,,,3 Sep 2012,5:27 AM,2123,349,90,4107,61,0,0,https://pbs.twimg.com/profile_images/995480157229006848/NpQBFpVD_400x400.jpg,https://pbs.twimg.com/profile_banners/800301246/1445565037/1500x500
477843156,Pippa Tallulah Wood,pippasweetie,Pippaconnections : everything everywhere excitement events expat Hanoi.,Hanoi,,29 Jan 2012,8:39 AM,661,193,281,267,20,0,0,https://pbs.twimg.com/profile_images/1237920591178432512/VKm8fatV_400x400.jpg,
35733462,Dung kh...,bankcem_86145,"Má»i nÆ¡i, cáº£m xÃºc, suy nghÄ© Ä‘á»u khÃ´ng tháº­t, nhÆ°ng cÃ³ má»™t nÆ¡i, cáº£m xÃºc tháº­t luÃ´n Ä‘Æ°á»£c sáº» chia...","HÃ  Ná»™i, Viá»‡t Nam",http://bankcem86145.bloggersviet.net,27 Apr 2009,5:53 AM,5242,82,3989,2212,511,0,0,https://pbs.twimg.com/profile_images/1218509994997366785/3H9KtUXY_400x400.jpg,https://pbs.twimg.com/profile_banners/35733462/1516524164/1500x500
1222531216361979904,Nguyá»…n Máº¡nh DÅ©ng,NguynMn91189498,,,http://manhdungvideo-com.webnode.vn,29 Jan 2020,6:45 AM,43,53,13,55,21,0,0,https://pbs.twimg.com/profile_images/1246030731383455745/6Vj4jGIc_400x400.jpg,
15436048,Ben Kelly,kellyreid,"Augmented Reality eSports, NFT Gaming, Software Dev & Baseball Science.  Founder, http://NFT.GGÂ   & @AXIEGG",,https://tinyurl.com/benForbesBitcoin2013,14 Jul 2008,8:14 PM,15202,402,2359,1315,195,0,0,https://pbs.twimg.com/profile_images/939352810239356929/sciicLsz_400x400.jpg,https://pbs.twimg.com/profile_banners/15436048/1560868970/1500x500
34971804,Pham Hoang Long,PhamHoangLong,Ministry of Foreign Affairs of Vietnam,,http://mofa.gov.vn,24 Apr 2009,9:40 AM,53,27,87,19,19,0,0,https://pbs.twimg.com/profile_images/808648010653634560/Hq71d2zF_400x400.jpg,https://pbs.twimg.com/profile_banners/34971804/1437798099/1500x500
1107514912274735104,Beng's journeys ğŸ›©,BSjourney,"Wandering writer, traveller. Love reading and photographing. Love beauty and freedom. I have been to ğŸ‡¨ğŸ‡³ ğŸ‡±ğŸ‡¦ ğŸ‡°ğŸ‡­ ğŸ‡¹ğŸ‡­ ğŸ‡²ğŸ‡¾ ğŸ‡¸ğŸ‡¬ ğŸ‡µğŸ‡­ ğŸ‡²ğŸ‡² ğŸ‡¦ğŸ‡º ğŸ‡®ğŸ‡© ğŸ‡§ğŸ‡³ ğŸ‡¹ğŸ‡¼",,,17 Mar 2019,10:31 PM,484,196,32,1001,133,0,0,https://pbs.twimg.com/profile_images/1107686811927601153/sr3MgF21_400x400.jpg,https://pbs.twimg.com/profile_banners/1107514912274735104/1578366809/1500x500
1019926551109033986,PJ Furman,pjhanoi,100% disabled combat Veteran. Former teacher and soldier for life. I love my country but my countryâ€™s government does not love me back.,"Brighton, NY",,19 Jul 2018,5:46 AM,133,66,33,28,56,0,0,https://pbs.twimg.com/profile_images/1244145460450701312/VJsu4iwB_400x400.jpg,https://pbs.twimg.com/profile_banners/1019926551109033986/1532004705/1500x500
1066289639411994627,Linh Tran,LinhTra74570775,ÄÆ¡n giáº£n lÃ  má»™t cÃ¡i tiá»ƒu sá»­ mÃ  thÃ´i..,"HÃ  Ná»™i, Viá»‡t Nam",http://viahe.tech,24 Nov 2018,3:17 AM,5,9,4,3,2,0,0,https://pbs.twimg.com/profile_images/1241087365017300992/d2GlN-1k_400x400.jpg,https://pbs.twimg.com/profile_banners/1066289639411994627/1584733261/1500x500
1054977492665225221,ÄoÃ n KhÆ°Æ¡ng Duy,duylecher,"NÆ°á»›c Hoa, Máº¯t KÃ­nh, Äá»“ng Há»“ Authentic táº¡i HÃ  Ná»™i Hotline: 09.333.666.25","HÃ  Ná»™i, Viá»‡t Nam",http://www.duylecher.com,23 Oct 2018,11:06 PM,270,0,3,0,27,0,0,https://pbs.twimg.com/profile_images/1226441171653677057/hMAsfO55_400x400.jpg,https://pbs.twimg.com/profile_banners/1054977492665225221/1569730951/1500x500
14736998,Tran Ngoc Tuan Anh,rilwis,ğŸ‘¨â€ğŸ’¼ Entrepreneur - ğŸ‘¨â€ğŸ’» Developer. Founder & CEO at eLightUp. Built @WPMetaBox.,"Hanoi, Vietnam",https://metabox.io,11 May 2008,2:14 PM,5676,871,1475,1662,65,0,0,https://pbs.twimg.com/profile_images/1082497087009304576/o7XGhHx8_400x400.jpg,https://pbs.twimg.com/profile_banners/14736998/1546923292/1500x500
1066240222516498432,Kimberly Green,KimberlyEGreen,"Global Director, HIV & TB, PATH. @PATHtweets Passionate about getting health care tools into the hands of those that need them most",,http://www.path.org,24 Nov 2018,12:00 AM,659,610,316,4037,9,0,0,https://pbs.twimg.com/profile_images/1066244229251223552/9DiBaCbw_400x400.jpg,
1170335886652801025,INKA CRM,inka29493832,Pháº§n má»m INKA CRM Giáº£i phÃ¡p tÄƒng trÆ°á»Ÿng Ä‘á»™t phÃ¡ cho DN Viá»‡t.,HÃ  Ná»™i,https://www.inka.vn,7 Sep 2019,7:00 AM,62,0,0,0,0,0,0,https://pbs.twimg.com/profile_images/1170336217889562624/KSExmA0T_400x400.jpg,https://pbs.twimg.com/profile_banners/1170335886652801025/1568251806/1500x500
1060364218392690689,HappyPoints.io,HappypointsI,Shopify Store Setup & Theme Customisation Expert. Shopify&ShopifyPlus.  ğŸ± & ğŸ¶ lover. Say hi!!!,,https://happypoints.io/,7 Nov 2018,6:51 PM,115,904,99,12,77,0,0,https://pbs.twimg.com/profile_images/1116615105179897857/RqkL6OEg_400x400.png,https://pbs.twimg.com/profile_banners/1060364218392690689/1572939638/1500x500
1136927833240903682,ÄÃ o Minh ChÃ¢u,daominhchaucom,"Diá»…n giáº£ truyá»n cáº£m há»©ng xÃ¢y dá»±ng há»‡ thá»‘ng kinh doanh má»¹ pháº©m  Chá»§ tá»‹ch táº­p Ä‘oÃ n má»¹ pháº©m Ruby's World vá»›i thÆ°Æ¡ng hiá»‡u Magic Skin. Magic Mom, 2!lady, Mc Pharma",,https://daominhchau.com,7 Jun 2019,2:28 AM,273,2,10,1,270,0,0,https://pbs.twimg.com/profile_images/1136930150073790465/nz0JOE6P_400x400.png,https://pbs.twimg.com/profile_banners/1136927833240903682/1559900498/1500x500
1227434905002561538,The Hex,vvonhex,"American ğŸ‡ºğŸ‡¸ queen based in Hanoi, Vietnam ğŸ‡»ğŸ‡³ // Drag Orphan of Hanoi's Drag Orphanage  Insta: @vvonhex // TikTok: @vvonhex",,,11 Feb 2020,7:31 PM,60,149,5,95,24,0,0,https://pbs.twimg.com/profile_images/1237963338837118981/B76cwqvf_400x400.jpg,
742177082,EU in Vietnam,EUDelegationVN,Official Twitter of the EU Delegation to Vietnam| Follow Ambassador Aliberti on Twitter @GioAlibertiEU,"Hanoi, Vietnam",http://www.eeas.europa.eu/delegations/vietnam,6 Aug 2012,9:56 PM,2432,144,12724,10,18,0,0,https://pbs.twimg.com/profile_images/2477757569/wzmfamfhzsyaywujx5d3_400x400.jpeg,https://pbs.twimg.com/profile_banners/742177082/1570678978/1500x500
1194500136967127041,Inox Tiáº¿n Thá»,InoxTho,"ChuyÃªn gia cÃ´ng, thiáº¿t káº¿ cÃ¡c sáº£n pháº©m inox cháº¥t lÆ°á»£ng cao, giÃ¡ tá»‘t nháº¥t á»Ÿ HÃ  Ná»™i.",HÃ  Ná»™i - Viá»‡t Nam,https://inoxtientho.com/,12 Nov 2019,10:20 PM,4,0,0,0,1,0,0,https://pbs.twimg.com/profile_images/1194501064055123971/t7ZfXbo6_400x400.jpg,https://pbs.twimg.com/profile_banners/1194500136967127041/1573627004/1500x500
99608783,Shauna,_Shawsc,"Irish living in Vietnam ğŸ‡»ğŸ‡³                LFC, film, television and a celebrity enthusiast with a slight interest in politics.",,,26 Dec 2009,5:08 PM,45441,511,869,15544,448,0,0,https://pbs.twimg.com/profile_images/1221860543381803008/xoUSHHq__400x400.jpg,https://pbs.twimg.com/profile_banners/99608783/1580149284/1500x500
2913916885,Golden Hearteu,ngaan_n79,BTS Adorable Fan Account,,,29 Nov 2014,7:55 AM,692,183,61,649,74,0,0,https://pbs.twimg.com/profile_images/1121380890641199104/bRjfXNjJ_400x400.jpg,https://pbs.twimg.com/profile_banners/2913916885/1555991499/1500x500
1172578082919575553,TimXe.Net,timxe_net,,HÃ  Ná»™i,https://timxe.net,13 Sep 2019,11:29 AM,5076,6,26,2,1,0,0,https://pbs.twimg.com/profile_images/1172579217776578560/mwGem709_400x400.png,https://pbs.twimg.com/profile_banners/1172578082919575553/1568400111/1500x500
76565392,Hoang Do,HoangDo1412,"When I'm not a hypocrite, I sleep. South China Sea, Japan's creativity, pop culture & stolen lyrics.",,,22 Sep 2009,10:10 PM,6960,601,313,2263,182,0,0,https://pbs.twimg.com/profile_images/378800000727334118/d511c29abcab60d1faf406ee387850d3_400x400.jpeg,https://pbs.twimg.com/profile_banners/76565392/1401767172/1500x500
1336291202,Tuan Dinh (Chris),tuan_tuandinh,"Founder, CEO of Holomia Technology.","Hanoi, Vietnam",http://holomia.com,8 Apr 2013,3:33 AM,128,57,113,15,106,0,0,https://pbs.twimg.com/profile_images/1229176871016783872/-Jbl16PK_400x400.jpg,https://pbs.twimg.com/profile_banners/1336291202/1541339389/1500x500
3323710512,Diana Tran,TranThuDung2,call me ğŸ¤™ + ( 84)0975.979.260,"HÃ  Ná»™i, Viá»‡t Nam",https://www.facebook.com/100032363018304/posts/134806347608132?sfns=mo,22 Aug 2015,1:15 AM,1115,328,59,1476,881,0,0,https://pbs.twimg.com/profile_images/1176933860359016448/Cz58Mr-c_400x400.jpg,https://pbs.twimg.com/profile_banners/3323710512/1563388897/1500x500
119679370,Tomoaki.SUGIMORI,TeRrIbLe_HoRnEt,ãƒ™ãƒˆãƒŠãƒ ã®ãƒãƒã‚¤ã«ã‚ã‚‹ã‚«ãƒŠãƒ€ç³»ã®æ­¯ç§‘åŒ»é™¢ã§æ­¯ç§‘åŒ»å¸«ã¨ã—ã¦åƒã„ã¦ãŠã‚Šã¾ã™ã€‚æ°—è»½ã«ãƒ•ã‚©ãƒ­ãƒ¼ã—ã¦ãã ã•ã„ã€‚AsahikawağŸ‡¯ğŸ‡µâ†’SapporoğŸ‡¯ğŸ‡µâ†’LondonğŸ‡¬ğŸ‡§â†’VeronağŸ‡®ğŸ‡¹â†’SapporoğŸ‡¯ğŸ‡µâ†’OsakağŸ‡¯ğŸ‡µâ†’HanoiğŸ‡»ğŸ‡³,"Hanoi, Vietnam",http://westcoastinternational.jp,4 Mar 2010,1:44 AM,850,74,54,433,99,0,0,https://pbs.twimg.com/profile_images/1225687042719240192/Oxvkyfbt_400x400.jpg,https://pbs.twimg.com/profile_banners/119679370/1581061539/1500x500
566132352,meomeo266,meomeo266,,HaNoi,,28 Apr 2012,11:45 PM,99,13,0,63,2,0,0,https://pbs.twimg.com/profile_images/2174871281/d0068116_1343482_400x400.jpg,
2189512111,Ndugga Ronald,wiyanga_wiya,Lover of life.,kampala,,11 Nov 2013,7:20 PM,1951,217,154,6925,54,0,0,https://pbs.twimg.com/profile_images/764219465928208385/9xMLFGhM_400x400.jpg,https://pbs.twimg.com/profile_banners/2189512111/1575974642/1500x500
88245254,Duong Tran,hanoiansnippets,"#TCK - Hanoian, #proudmama - Comms Manager @UKinVietnam ğŸ‡¬ğŸ‡§ğŸ‡»ğŸ‡³- former TV journo #amser #MtHolyoke #UniWestminster #Vietnam - All views are my own","Hanoi, Vietnam",,7 Nov 2009,10:49 AM,419,520,836,832,44,0,0,https://pbs.twimg.com/profile_images/497414796233281536/wYw6PSTa_400x400.jpeg,https://pbs.twimg.com/profile_banners/88245254/1407523483/1500x500
378624157,Aimee Senson,AimeeSenson,MBA. Teacher. Credit Control Officer. Coffee Lover. SB Tumbler Collector. Traveller. Single.,"Ha Noi, Viet Nam",,23 Sep 2011,7:38 AM,530,535,97,2951,0,0,0,https://pbs.twimg.com/profile_images/1209403905232130048/U2TRWX3W_400x400.jpg,https://pbs.twimg.com/profile_banners/378624157/1577179336/1500x500
243290603,bram wanrooij,bramerius,"Educator, knowledge seeker & author. Purchase my book on http://www.amazon.comÂ  (type displaced + wanrooij) - proceeds to #charity","Hanoi, Vietnam",https://www.udemy.com/share/100XVABEofeVhTRHs=/,26 Jan 2011,10:41 AM,2156,726,312,216,121,0,0,https://pbs.twimg.com/profile_images/916773943775768576/LZycSAWF_400x400.jpg,https://pbs.twimg.com/profile_banners/243290603/1415693276/1500x500
301087670,Sleestaker,Corb_V,Humanimal. From ğŸ‡ºğŸ‡² living in ğŸ‡»ğŸ‡³. Teacher where pops was a soldier. #Kobe #RaidersğŸ´â€â˜ ï¸ #Lakers #Dodgers #Nikon,,,18 May 2011,2:17 PM,4576,497,156,3639,738,0,0,https://pbs.twimg.com/profile_images/1231200587754033153/0KFlKQMz_400x400.jpg,https://pbs.twimg.com/profile_banners/301087670/1577350874/1500x500
4500940994,thangpiaggio01@gmail,thangpiaggio01,YÃªu tennis,,,8 Dec 2015,2:09 PM,82,50,4,168,38,0,0,https://pbs.twimg.com/profile_images/1152502630188384256/8nCxSWw3_400x400.jpg,
1215231966649257984,Linh.Tong,LinhTon81386666,æ—¥è¶Šã®æ¶ã‘æ©‹ã‚’ç›®æŒ‡ã™,ãƒãƒã‚¤,,9 Jan 2020,3:21 AM,2,19,1,3,0,0,0,https://pbs.twimg.com/profile_images/1215253028246212608/jj9xyMaA_400x400.jpg,https://pbs.twimg.com/profile_banners/1215231966649257984/1578573933/1500x500
215051761,Giorgio Aliberti,GioAlibertiEU,"EU Ambassador to Vietnam, former Italian Ambassador to Myanmar. Retweet not endorsement. #EUinTheWorld #EUDiplomacy","HÃ  Ná»™i, Viá»‡t Nam",https://eeas.europa.eu/delegations/vietnam_en,12 Nov 2010,1:51 PM,3131,262,2819,953,327,0,1,https://pbs.twimg.com/profile_images/1184929395221450762/4c2LsyyH_400x400.jpg,https://pbs.twimg.com/profile_banners/215051761/1571329615/1500x500
872354356867342338,BÃ³ng Ä‘Ã¡ 24h,Baobongda_24h,Trang tin bÃ³ng Ä‘Ã¡ 24h,,http://bongda24h.vn/,7 Jun 2017,12:27 AM,339,128,18,8,222,0,0,https://pbs.twimg.com/profile_images/872355058519863296/eTknYsMc_400x400.jpg,https://pbs.twimg.com/profile_banners/872354356867342338/1567067221/1500x500
1080093435636240384,qanovuâ¸,quanhngovu,iâ€™m just so soft for this love.,"Hanoi, Vietnam",,1 Jan 2019,5:28 AM,1914,73,43,33137,0,0,0,https://pbs.twimg.com/profile_images/1246073332228743173/YgirCrNX_400x400.jpg,https://pbs.twimg.com/profile_banners/1080093435636240384/1585922172/1500x500
1234646799979139072,FtripVietnam.com,ftripvietnam,"Local Tour Operator & Specialist for vacation organize in Vietnam, Laos, Cambodia & Myanmar","Hanoi, Vietnam",https://ftripvietnam.com,2 Mar 2020,5:08 PM,4,93,22,1,4,0,0,https://pbs.twimg.com/profile_images/1234647277890752512/rvrTsJYs_400x400.jpg,https://pbs.twimg.com/profile_banners/1234646799979139072/1583200078/1500x500
965553167403425793,ash,ashley_patacsil,@hanzchoi â¤ï¸,choi,,19 Feb 2018,3:46 AM,6639,310,577,4121,65,0,0,https://pbs.twimg.com/profile_images/1245705361878691841/xERf_20C_400x400.jpg,https://pbs.twimg.com/profile_banners/965553167403425793/1575817209/1500x500
1011251440751337472,Ä.A.T RE,datrealty,Mentor táº¡i Cenhomes,"Hanoi, Vietnam",https://cenhomes.vn,25 Jun 2018,7:15 AM,276,93,25,826,73,0,0,https://pbs.twimg.com/profile_images/1153555061068275713/MFkmS533_400x400.jpg,https://pbs.twimg.com/profile_banners/1011251440751337472/1529997044/1500x500
947456437940248576,Fin,Silver_heart061,For JJP ğŸŒ´ğŸ‘ My baby is Fluke Natouch and Perthppe,"Hanoi, Vietnam",,31 Dec 2017,5:16 AM,6825,824,234,47078,47,0,0,https://pbs.twimg.com/profile_images/982663328764801026/blH1n7u-_400x400.jpg,https://pbs.twimg.com/profile_banners/947456437940248576/1519301339/1500x500
1235573935363645447,HoÃ ng Nam,NamPhong1996,Con dÃ¢n ÄÃ´ng LÃ o ğŸ‡»ğŸ‡³ğŸ‡»ğŸ‡³ğŸ‡»ğŸ‡³,"HÃ  Ná»™i, Viá»‡t Nam",,5 Mar 2020,6:33 AM,56,116,58,100,0,0,0,https://pbs.twimg.com/profile_images/1235574387685724160/Wm149I4g_400x400.jpg,https://pbs.twimg.com/profile_banners/1235573935363645447/1583419059/1500x500
903909656086560769,Elly Do,LinhChi1509,#music#film#photo,,,2 Sep 2017,2:17 AM,13,37,0,158,4,0,0,https://pbs.twimg.com/profile_images/1240967783510204417/72DsVQkK_400x400.jpg,https://pbs.twimg.com/profile_banners/903909656086560769/1584704751/1500x500
1672810344,PhongKim,vubathanh1,,,,15 Aug 2013,3:26 AM,9548,22,17,714,9508,0,0,https://pbs.twimg.com/profile_images/718048690363961345/minFIsrc_400x400.jpg,https://pbs.twimg.com/profile_banners/1672810344/1457029460/1500x500
1143100066413985792,GiapPham,GiapPhamCom,Thiáº¿t káº¿ web trá»n gÃ³i,Hanoi,https://giappham.com,24 Jun 2019,3:14 AM,49,0,0,0,0,0,0,https://pbs.twimg.com/profile_images/1211502250515824641/vgKUwR_F_400x400.jpg,https://pbs.twimg.com/profile_banners/1143100066413985792/1577679621/1500x500
300073997,Vietnam Travel,travelviet,"Solution go to Vietnam Travel, with Us, you will have trips most impressive",Hanoi,http://vietnam-travel.info,16 May 2011,9:41 PM,3617,2871,2076,191,437,0,0,https://pbs.twimg.com/profile_images/1566647700/vietnam-travel.info_400x400.jpg,https://pbs.twimg.com/profile_banners/300073997/1457373824/1500x500
1232546712821977089,hiáº¿u kelly,hiukelly1,Vui tÃ­nh,,https://m.facebook.com/profile.php?id=1644393649175677&ref=content_filter,25 Feb 2020,10:03 PM,1,0,0,0,1,0,0,https://pbs.twimg.com/profile_images/1232547186254077953/1-6MMrbZ_400x400.jpg,
396271636,HaiDo80,HaiDo80,"Co-editor of The South China Sea: From a Regional Maritime Dispute to Geo-Strategic Competition, Routledge, 2019. Views are mine. RT & likes â‰  endorsements",,,22 Oct 2011,6:08 PM,1516,453,1926,2342,39,0,0,https://pbs.twimg.com/profile_images/927561549518053376/_RzSajqU_400x400.jpg,
895934242412052480,PasGo,TuyetPham512,"Máº¡ng lÆ°á»›i nhÃ  hÃ ng ngon, nhÃ  hÃ ng uy tÃ­n táº¡i HÃ  Ná»™i, Há»“ ChÃ­ Minh, ÄÃ  Náºµng. Äáº·t bÃ n trá»±c tuyáº¿n nháº­n Æ°u Ä‘Ã£i lá»›n lÃªn tá»›i 99%. https://nhahanguytin.blogspot.comÂ ",,https://pasgo.vn/ho-chi-minh,11 Aug 2017,2:05 AM,3613,1122,469,1536,371,0,0,https://pbs.twimg.com/profile_images/931069792089284609/_HI-Sw-T_400x400.jpg,https://pbs.twimg.com/profile_banners/895934242412052480/1514972469/1500x500
2837738690,Tráº§n ThÃ¹y Linh,artdecodiem,,HÃ  Ná»™i,http://www.artdeco.vn,2 Oct 2014,1:19 AM,1148,37,0,0,0,0,0,https://pbs.twimg.com/profile_images/517590515206721537/pA494OQ1_400x400.jpeg,https://pbs.twimg.com/profile_banners/2837738690/1412238192/1500x500
857979429066203140,Äáº®C Háº¢I,Nguynch22512928,"TÆ° Váº¥n Ä‘áº§u tÆ°, cá»• pháº§n doanh nghiá»‡p,Crypto currencies ... ğŸš€",,https://www.facebook.com/dachaihpvn,28 Apr 2017,8:26 AM,427,482,106,73,14,0,0,https://pbs.twimg.com/profile_images/1169095610265264128/Qbpxnz-W_400x400.jpg,https://pbs.twimg.com/profile_banners/857979429066203140/1494661742/1500x500
165315106,Ida UusikylÃ¤,idauusikyla,Innovation @UNDPVietNam | Accelerator Labs Network | @LSE_ID and @helsinkiuni alumni #inno4dev #ComplexSystems,"Hanoi, Vietnam",,10 Jul 2010,11:15 PM,875,453,307,1461,26,0,0,https://pbs.twimg.com/profile_images/1052400573285195776/lf8Fmdoy_400x400.jpg,https://pbs.twimg.com/profile_banners/165315106/1576208302/1500x500
376814810,àº•àº»à»‰àº™à»„àº¡à»‰àº«àº¡àº¹à»ˆàºšà»‰àº²àº™àº«àº™àº¶à»ˆàº‡,noiseblasphemy,æ¨ªæ²³æ­¦è”µé‡FCã€åƒè‘‰ãƒ­ãƒƒãƒ†ãƒãƒªãƒ¼ãƒ³ã‚ºã€å°å²©ãƒ‡ã‚¹ãƒ•ã‚§ã‚¹ãƒˆã€ç·æ­¦ç·šãƒã‚¤ã‚ªãƒ¬ãƒ³ã‚¹ã€Hai BÃ  TrÆ°ng deathfest,Koiwa City Grind Core,,20 Sep 2011,7:56 AM,7446,1000,728,318,2594,0,0,https://pbs.twimg.com/profile_images/1198519568316022784/Rad_YHNV_400x400.jpg,https://pbs.twimg.com/profile_banners/376814810/1375635441/1500x500
1129249101776793601,Thiáº¿t bá»‹ bá»ƒ bÆ¡i Hafuco,THafuco,"Cung cáº¥p thiáº¿t bá»‹ bá»ƒ bÆ¡i trÃªn toÃ n quá»‘c Äá»‹a chá»‰:Sá»‘ 88,NgÃµ 172 PhÃº Diá»…n, PhÆ°á»ng PhÃº Diá»…n,Quáº­n, Báº¯c Tá»« LiÃªm,HÃ  Ná»™i Hotline:0968115000 Email:info@hafuco.com",,https://thietkebeboi.com/,16 May 2019,9:55 PM,135,1,1,132,5,0,0,https://pbs.twimg.com/profile_images/1129571453009948672/GdaGLjG8_400x400.png,
827846939408412673,Äá»— Äá»©c Máº¡nh,Mah48598102,GV,,,4 Feb 2017,3:51 AM,44,16,2,14,41,0,0,https://pbs.twimg.com/profile_images/1238804324538388483/HJUCfheD_400x400.jpg,https://pbs.twimg.com/profile_banners/827846939408412673/1584188942/1500x500
1045507979804430338,Tá»· GiÃ¡,TGi05888912,tygiavn,"HÃ  Ná»™i, Viá»‡t Nam",https://tygia.vn/,27 Sep 2018,7:58 PM,95,3,1,33,35,0,0,https://pbs.twimg.com/profile_images/1045509103047438336/arisGMNS_400x400.jpg,https://pbs.twimg.com/profile_banners/1045507979804430338/1538103783/1500x500
342524562,The Dapo,LetBeDapo,"Hi there, my name is Dapo.","Hanoi, Vietnam",https://www.thedapo.com/,25 Jul 2011,9:30 PM,17,72,10,13,5,0,0,https://pbs.twimg.com/profile_images/1226883209830354945/-iw5Sov1_400x400.jpg,https://pbs.twimg.com/profile_banners/342524562/1581346885/1500x500
2349585031,Van Tu,bodammotorola,"NHÃ€ PHÃ‚N PHá»I -  TRUNG TÃ‚M Báº¢O HÃ€NH MÃY Bá»˜ ÄÃ€M MOTOROLA Táº I VIá»†T NAM  HCM: 028.668.17026, 024-62825919, hot: 0904.535.797",,http://radios.vn,17 Feb 2014,9:07 PM,711,1173,278,49,11,0,0,https://pbs.twimg.com/profile_images/438860549321801728/XgbXUG84_400x400.jpeg,https://pbs.twimg.com/profile_banners/2349585031/1411351640/1500x500
1015583372,t a n . n g u y e n,tan_nguyen_viet,"Be strong enough to stand alone, be yourselt enough to stand apart, but be wise enough to stand together when the time comes.","hanoi, vietnam",,16 Dec 2012,8:38 AM,752,208,286,61,114,0,0,https://pbs.twimg.com/profile_images/1220332531318317058/OpsWbGhy_400x400.jpg,https://pbs.twimg.com/profile_banners/1015583372/1489509043/1500x500
1617338269,YoonTjna,YoonTjna,I'm happy because of you :x,Ha Noi,https://www.facebook.com/my.tjna,24 Jul 2013,2:20 AM,4376,70,107,73,2692,0,0,https://pbs.twimg.com/profile_images/703791946309828609/pYVptFnx_400x400.jpg,https://pbs.twimg.com/profile_banners/1617338269/1374660630/1500x500
1128492254325137408,El Pueblo Digital,NDandigital,"El #periÃ³dico Nhan Dan (#Pueblo), el Ã³rgano central del Partido Comunista de #Vietnam, la voz del Partido #Comunista, el Estado y el Pueblo de Vietnam.",Hanoi,https://es.nhandan.com.vn/,14 May 2019,7:48 PM,1256,1468,2014,27550,1214,0,0,https://pbs.twimg.com/profile_images/1128903654486843392/E8TRr4hG_400x400.png,https://pbs.twimg.com/profile_banners/1128492254325137408/1557900722/1500x500
1180459567974699008,ğŸ†„ğŸ…·ğŸ…·ğŸ…°ğŸ…»ğŸ…¿ğŸ…·ğŸ…° ğŸ…°ğŸ…²ğŸ†ƒğŸ…¸ğŸ†…ğŸ…´ ğŸ…±ğŸ…¾ğŸ…¸ ï£¿ (rt pinned),crabwifhat,#GowturGaw :D #peelyfam ;) #007fam ğŸ¤”,"Viá»‡t Nam, HÃ  Ná»™i",,5 Oct 2019,5:28 AM,4530,890,347,10961,0,0,0,https://pbs.twimg.com/profile_images/1244814675302215681/yNzlYNsK_400x400.jpg,
1147050009415696389,ChÃ o Hanoi,chaomagazine,A Contemporary Guide to the Vietnamese Capital,"Hanoi, Vietnam",https://chaohanoi.com/,5 Jul 2019,12:50 AM,252,466,246,47,8,0,0,https://pbs.twimg.com/profile_images/1174261464582017025/RwTAfFmb_400x400.jpg,https://pbs.twimg.com/profile_banners/1147050009415696389/1568801013/1500x500
593100284,augidomeo,augidomeo,"Architect, Guru of Passive Design","Hanoi, Vietnam",http://dotuanhanh.blogspot.com/,28 May 2012,3:01 PM,27691,654,204,1565,274,0,0,https://pbs.twimg.com/profile_images/960637521842470913/kWCEsk0L_400x400.jpg,
1144146717995986944,Kiá»u CÃ´ng ThÆ°á»£c,ThuocCong,Kiá»u CÃ´ng ThÆ°á»£c  - TÃªn khÃ¡c lÃ  TrÃ­ Äá»©c - Hiá»‡n sá»‘ng táº¡i HÃ  Ná»™i. - CÃ´ng viá»‡c: + Chá»§ tá»‹ch HÄQT VID4.0 vÃ  Vinplatform + PhÃ³ Chá»§ tá»‹ch HÄQT Bytesoft,,http://Bytesoft.vn,27 Jun 2019,12:33 AM,26,10,9,31,14,0,0,https://pbs.twimg.com/profile_images/1144148401136627712/jcNNDym__400x400.jpg,
15777038,Brian Chanen,bchanen,"Lecturer, Critical Theory, Culture and Pedagogy; Associate Director CELT, British University Vietnam; consultant, OUP author and series editor.","Hanoi, Vietnam",,8 Aug 2008,5:16 AM,596,363,185,252,13,0,0,https://pbs.twimg.com/profile_images/1120589898489057280/YGnuhaVk_400x400.png,https://pbs.twimg.com/profile_banners/15777038/1556257837/1500x500
980354979411116033,Urbanist Hanoi,UrbanistHanoi,Exploring Hanoi and Beyond.,,http://urbanisthanoi.com,1 Apr 2018,1:03 AM,1962,76,1794,7,1764,0,0,https://pbs.twimg.com/profile_images/981401822039629825/kFVAahmY_400x400.jpg,https://pbs.twimg.com/profile_banners/980354979411116033/1557476939/1500x500
3281984504,HelpAge International in Vietnam,vn_helpage,,,http://helpagevietnam.org,16 Jul 2015,7:24 PM,83,75,99,53,42,0,0,https://pbs.twimg.com/profile_images/1175956711430950912/UbcKcO2n_400x400.png,https://pbs.twimg.com/profile_banners/3281984504/1569508809/1500x500
250403985,Jack Ngo,JacksonNgo,,"HÃ  Ná»™i, Viá»‡t Nam",,10 Feb 2011,5:15 PM,77,139,50,45,44,0,0,https://pbs.twimg.com/profile_images/742369911205289984/YMsqh7V4_400x400.jpg,https://pbs.twimg.com/profile_banners/250403985/1479018186/1500x500
944812822570995712,Pham Truong,Vietstyle9999,Gi gá»‰ gÃ¬ gi cÃ¡i gÃ¬ cÅ©ng thick,,,23 Dec 2017,10:11 PM,9,21,2,2,8,0,0,https://pbs.twimg.com/profile_images/944815272170479617/EgF2HOSY_400x400.jpg,https://pbs.twimg.com/profile_banners/944812822570995712/1514096488/1500x500
937272827828301825,The World & Vietnam Report - Tháº¿ giá»›i & Viá»‡t Nam,WorldandVietnam,The official newspaper of the Ministry of Foreign Affairs of Vietnam.,,http://www.tgvn.com.vn,3 Dec 2017,2:50 AM,417,384,2514,802,44,0,0,https://pbs.twimg.com/profile_images/958920028501417986/GHqoyXKE_400x400.jpg,https://pbs.twimg.com/profile_banners/937272827828301825/1512524805/1500x500
790887731505180676,An Pham,llllmita,My name is district.My hobby is music,,,25 Oct 2016,5:08 AM,1594,2287,487,66,1516,0,0,https://pbs.twimg.com/profile_images/1176307797496958976/hnowNZ-x_400x400.jpg,https://pbs.twimg.com/profile_banners/790887731505180676/1569288609/1500x500
154593965,Anderson Greenberg,MrBronson4life,,"Hanoi, Vietnam",,11 Jun 2010,10:33 AM,9007,275,114,930,442,0,0,https://pbs.twimg.com/profile_images/990430877/2576_57232203895_759393895_1449708_4614434_n_400x400.jpg,
220724656,Nguyen Thanh Cong,congt80,"Founder at @lctechvietnam. We focuses on providing a visual communications solution that helps transform the way businesses interact with their audiences, .","Hanoi, Vietnam",http://www.lctech.vn,28 Nov 2010,9:14 AM,184,555,187,149,41,0,0,https://pbs.twimg.com/profile_images/532883654960099330/VzVsrCkp_400x400.jpeg,https://pbs.twimg.com/profile_banners/220724656/1415884386/1500x500
1687747087,Web Group Vietnam,webgroup_vn,Web Group Vietnam,"HÃ  Ná»™i, Viá»‡t Nam",http://webgroup.vn,21 Aug 2013,12:58 AM,95,807,920,23,1,0,0,https://pbs.twimg.com/profile_images/1153980780051255296/gqQ6j8oT_400x400.png,https://pbs.twimg.com/profile_banners/1687747087/1563965405/1500x500
984753779206582273,VÅ© ThÃ nh Äáº¡t,thanhdatt81,â€¢ Instagram: thanhdatt81 â€¢ Facebook: https://www.facebook.com/profile.php?id=100028244828553Â â€¦ @chrisevans hello I love you,"HÃ  Ná»™i, Viá»‡t Nam",,13 Apr 2018,4:22 AM,26,23,3,180,14,0,0,https://pbs.twimg.com/profile_images/1238845258567278593/HjKkrPDm_400x400.jpg,https://pbs.twimg.com/profile_banners/984753779206582273/1584198702/1500x500
753148339256819712,Nguyá»…n Minh NghÄ©a,mnghia0711,now or never,"HÃ  Ná»™i, Viá»‡t Nam",,13 Jul 2016,1:45 AM,2,91,1,5,2,0,0,https://pbs.twimg.com/profile_images/1240694374360477696/4usql4iw_400x400.jpg,https://pbs.twimg.com/profile_banners/753148339256819712/1468399954/1500x500
805255074339549184,Martyroch,martytruckeur,"Un gars du Lac St Jean, un survivant, je savoure la vie a pleine dent et  maintenant ma vie est au Vietnam, plus prÃ©cisÃ©ment Ã  HanoÃ¯ et amateur de F1!!!","HanoÃ¯, ViÃªtnam",,3 Dec 2016,7:39 PM,1540,791,115,3226,162,0,0,https://pbs.twimg.com/profile_images/1240838558409060352/MwJCrGil_400x400.jpg,https://pbs.twimg.com/profile_banners/805255074339549184/1584632261/1500x500
1150659094044274688,Photogroupvn,vn_photo,"We in Hanoi â€“ Vietnam, we are comprises of high skilled experts with years of experience in providing services: Real Estate Photo editing..",Ha Noi,http://www.photogroupvn.com,14 Jul 2019,11:51 PM,15,58,3,37,10,0,0,https://pbs.twimg.com/profile_images/1150659609742286848/nCrwOJLr_400x400.jpg,
1232729643817422848,VVTU2000,vvtu2000,NO,HÃ  Ná»™i,https://fsport247.com/,26 Feb 2020,10:10 AM,6,1,0,0,1,0,0,https://pbs.twimg.com/profile_images/1232729921455149056/kVlsqCQE_400x400.jpg,
807785277846499329,ğŸšTranscerDrawsğŸš,HanoibusGamer,16|â™‚ï¸|ğŸ‡»ğŸ‡³| Transportation Enthusiast | Object shows Fan | Artist ğŸ¤·â€â™‚ï¸ | Taking art requests if anyone interested,"HÃ  Ná»™i, Viá»‡t Nam",https://mine.ly/Hanoibus_Gamer.1,10 Dec 2016,7:13 PM,6965,943,251,66989,697,0,0,https://pbs.twimg.com/profile_images/1245686143930134528/Zc5SnSYb_400x400.jpg,https://pbs.twimg.com/profile_banners/807785277846499329/1574293756/1500x500
794170533411553280,WeLax,thanhtrung35g1,"Here you will find a series of the best photos, articles or videos on the planet.","HÃ  Ná»™i, Viá»‡t Nam",https://nuockenho.com,3 Nov 2016,6:33 AM,109,7,329,15,80,0,0,https://pbs.twimg.com/profile_images/1232586816642904064/9l4VR2cw_400x400.png,https://pbs.twimg.com/profile_banners/794170533411553280/1582706573/1500x500
1026684433489788928,ğŸš‚Railway cafÃ© ğŸ‡»ğŸ‡³ Hanoi,railwaycafeHN,Welcome to the 1st Railway's street cafÃ© â˜• for craziest ğŸ’ ğŸ˜‹ ğŸš‚ğŸšƒ  | Enjoying | Sharing | Drinking |  ğŸ‡¬ğŸ‡§ğŸ‡¦ğŸ‡ºğŸ‡«ğŸ‡·ğŸ‡©ğŸ‡ªğŸ‡§ğŸ‡ªğŸ‡¨ğŸ‡­ğŸ‡³ğŸ‡±ğŸ‡¨ğŸ‡¦,"Hanoi, Vietnam",http://railwaycafehanoi.com,6 Aug 2018,9:20 PM,244,79,40,493,38,0,0,https://pbs.twimg.com/profile_images/1062197072026189825/4iAhiBMB_400x400.jpg,https://pbs.twimg.com/profile_banners/1026684433489788928/1580038239/1500x500
951672081627758592,KhÃ¡nh LuÃ¢n,NKhanhLuan,ğŸ˜€,,https://www.youtube.com/channel/UCZPqx0V_xLpekYFtJfT3Vag,11 Jan 2018,8:28 PM,280,103,2,88,278,0,0,https://pbs.twimg.com/profile_images/951674104658083840/zFWQLS0z_400x400.jpg,https://pbs.twimg.com/profile_banners/951672081627758592/1515864280/1500x500
1202670180,Sweden in Vietnam,SwedeninVN,Welcome to the official Twitter page of the Embassy of Sweden in Vietnam!,"Hanoi, Vietnam",https://www.swedenabroad.se/en/embassies/vietnam-hanoi/,20 Feb 2013,5:53 PM,1493,361,4305,298,252,0,1,https://pbs.twimg.com/profile_images/740396334176477184/f9psEVQH_400x400.jpg,https://pbs.twimg.com/profile_banners/1202670180/1569471930/1500x500
735853386,Julio Kidd,JulioKidd07,"You will find out who I am, If you really want to...Just try;)","Hanoi, Vietnam",http://www.facebook.com/kjd.kjd/info,3 Aug 2012,6:26 PM,877,540,38,2305,16,0,0,https://pbs.twimg.com/profile_images/480726410403647489/xY8Oz54N_400x400.png,https://pbs.twimg.com/profile_banners/735853386/1528180510/1500x500
3289455354,Meomeo,MeoRight,"till the end of this journey, I'm happy to be a fangirl of GOT7  ~ nothing special jst love 3",,,24 Jul 2015,12:14 AM,2586,419,77,1487,201,0,0,https://pbs.twimg.com/profile_images/713632852995342336/8FOwOS63_400x400.jpg,https://pbs.twimg.com/profile_banners/3289455354/1444763653/1500x500
957475994423586817,Hanzo54,Hazo1954,,"HÃ  Ná»™i, Viá»‡t Nam",,27 Jan 2018,8:50 PM,106,174,15,2619,0,0,0,https://abs.twimg.com/sticky/default_profile_images/default_profile_400x400.png,
872771027377332224,VÃ¢n Anh,VnAnh73769792,,ha noi,https://nhadat24h.net/ban-can-ho-chung-cu-imperia-sky-garden,8 Jun 2017,4:03 AM,2752,1,7,3,2355,0,0,https://pbs.twimg.com/profile_images/1182192103113125888/Z-eSTvE1_400x400.png,https://pbs.twimg.com/profile_banners/872771027377332224/1536835850/1500x500
771739938207391744,Hung.Dang,franhky269,got the whole london inside share me some love at https://dropbit.me/@franhky269Â ,"Hanoi, Vietnam",,2 Sep 2016,9:01 AM,644,223,25,472,16,0,0,https://pbs.twimg.com/profile_images/1202790167569788928/RrmoTmrf_400x400.jpg,
18724153,Andrew MÎ”tthews PGA MNLP,Andrew_Matthews,"PGA Fellow Golf Professional and NLP Performance Coach. Managing Director for the Els Performance Golf Academy (EPGA), Hanoi Vietnam #livelifeawesome","Hanoi, Vietnam",,7 Jan 2009,7:13 AM,2611,1492,770,3639,238,0,0,https://pbs.twimg.com/profile_images/1220713437845524480/gchVmzc4_400x400.jpg,https://pbs.twimg.com/profile_banners/18724153/1544112612/1500x500
4058206439,Nikki Carey,nik_carey,EY PE Teacher,,,27 Oct 2015,9:28 PM,34,82,67,109,3,0,0,https://pbs.twimg.com/profile_images/880714460394115073/UOMnzwdJ_400x400.jpg,https://pbs.twimg.com/profile_banners/4058206439/1490595869/1500x500
713992792859521024,Matthew Dinh,euhgnaw,I only use Twitter to stalk.,"HÃ  Ná»™i, Viá»‡t Nam",https://www.instagram.com/euhgnaw/,27 Mar 2016,12:35 AM,91,237,10,267,0,0,0,https://pbs.twimg.com/profile_images/1227834886276300801/eZbU5lgc_400x400.jpg,https://pbs.twimg.com/profile_banners/713992792859521024/1459064521/1500x500
1083291643128598528,Hoa Thom Co La,HoaThomCoLaVN,"Manufacture of essential oils, Distribution of Natural Products, Cosmeceuticals R&D",,https://hoathomcola.vn/,10 Jan 2019,1:17 AM,26,126,18,22,18,0,0,https://pbs.twimg.com/profile_images/1083292400200503298/R4ayMob-_400x400.jpg,https://pbs.twimg.com/profile_banners/1083291643128598528/1570465380/1500x500
12833022,Tinh Tran (Mr.),blogviet,Tinh Tran is a professional SBCC specialist and development worker in Vietnam. He is now with #FHI360 to support #USAID #HIV #AIDS #TB project.,Hanoi,https://www.fhi360.org/countries/vietnam,29 Jan 2008,7:49 AM,52218,5072,5439,2552,158,0,0,https://pbs.twimg.com/profile_images/1232510704676155393/ETaaBUNf_400x400.jpg,https://pbs.twimg.com/profile_banners/12833022/1582682893/1500x500
3195193711,diepntn04@wru.vn,diepntn04,Lawyer in Vietnam,,http://www.antlawyers.vn/,14 May 2015,3:34 AM,5474,2692,630,1303,209,0,0,https://pbs.twimg.com/profile_images/844463439804272646/q_0i58or_400x400.jpg,https://pbs.twimg.com/profile_banners/3195193711/1490170781/1500x500
752413453181038593,Thanh Thanh,Thanh_Thanh1,"friendly, funny",,http://www.antlawyers.vn/,11 Jul 2016,1:05 AM,5163,3201,632,1137,227,0,0,https://pbs.twimg.com/profile_images/758566383634386945/Y3v_dMBp_400x400.jpg,https://pbs.twimg.com/profile_banners/752413453181038593/1468305898/1500x500
1063734956923400192,Hanoi Inbound,HanoiInbound,"http://Hanoiinbound.comÂ  - One of the largest independent travel agents in the Hanoi, VietNam since 2008. #Hanoi #Travel #Tour #Hanoiinboundtour #Vietnam #Car",,http://hanoiinbound.com/,17 Nov 2018,2:05 AM,83,74,14,15,46,0,0,https://pbs.twimg.com/profile_images/1063736478964928512/2oJ47A1k_400x400.jpg,https://pbs.twimg.com/profile_banners/1063734956923400192/1542449543/1500x500
2838659616,Dz Le,DzungLeVN,Independent thinker from Hanoi.,"Hanoi, Vietnam",,2 Oct 2014,10:16 PM,2942,188,444,1273,209,0,0,https://pbs.twimg.com/profile_images/1157226038994202624/68p5htzl_400x400.jpg,https://pbs.twimg.com/profile_banners/2838659616/1564738873/1500x500
3356622492,Embajada de MÃ©xico en Viet Nam,EmbaMexVN,Äáº¡i sá»© quÃ¡n Mexico táº¡i HÃ  Ná»™i. TelÃ©fono de emergencia para mexicanos: +84 33 494 4233 Desde Vietnam: 033 494 4233,,http://embamex.sre.gob.mx/vietnam/,26 Aug 2015,11:35 PM,4975,448,978,485,520,0,1,https://pbs.twimg.com/profile_images/1069760408758566912/uO7CChMb_400x400.jpg,https://pbs.twimg.com/profile_banners/3356622492/1548301853/1500x500
924295376592519169,Quá»³nh Linh,labobop,I post things that may or may not interest people. 19F. INTP.,"HÃ  Ná»™i, Viá»‡t Nam",https://toyhou.se/lalinbo,28 Oct 2017,8:22 AM,1322,49,29,3264,256,0,0,https://pbs.twimg.com/profile_images/1223479064645627904/AK07F8_9_400x400.jpg,https://pbs.twimg.com/profile_banners/924295376592519169/1585106308/1500x500
3243887791,Thudo24h,thudo24h,,,http://thudo24h.com,12 Jun 2015,8:49 PM,210,13,8,34,137,0,0,https://pbs.twimg.com/profile_images/656650854179602433/n_LvYsIR_400x400.jpg,https://pbs.twimg.com/profile_banners/3243887791/1525362017/1500x500
2344242013,Mark Barnes,mbarnesau,"Freelance journalist ğŸ‡¦ğŸ‡º | Currently based in Hanoi, Vietnam ğŸ‡»ğŸ‡³","Hanoi, Vietnam",http://www.markbarnes.com.au,14 Feb 2014,3:09 PM,1589,1593,330,83,374,0,0,https://pbs.twimg.com/profile_images/1231547535363207169/ivjXxbem_400x400.jpg,https://pbs.twimg.com/profile_banners/2344242013/1451115834/1500x500
743078759687802881,TrÆ°Æ¡ng Há»“ng Äá»©c,hdhongducvn,"Ãt nÃ³i, hiá»n lÃ nh dá»… gáº§n ^_^ má»™t chÃºt tráº» trung má»™t chÃºt giÃ  nua dá»… máº¿n!",,,15 Jun 2016,6:52 AM,2006,181,39,259,0,0,0,https://pbs.twimg.com/profile_images/1029933747892699138/-z2VOyiv_400x400.jpg,https://pbs.twimg.com/profile_banners/743078759687802881/1534390251/1500x500
833137031169478656,Adam Hayton,EvolvedToMrAdam,Australian PYP teacher - Tech Coordinator - Coach - Grade 4 - Agency - Lifelong Learner - Sports Mad - New Inspirations - Physics - Seesaw Ambassador - SDGs,,,18 Feb 2017,6:12 PM,615,258,280,814,200,0,0,https://pbs.twimg.com/profile_images/833223963723472896/cQYKv3XG_400x400.jpg,https://pbs.twimg.com/profile_banners/833137031169478656/1487490228/1500x500
1189462289570598912,Meey invest,InvestMeey,"""""""Meeyland lÃ  SÃ n giao dá»‹ch BÄS trá»±c tuyáº¿n á»©ng dá»¥ng cÃ´ng nghá»‡ AI trÃªn ná»n táº£ng BÄS & TÃ€I CHÃNH - Meeyland sáº½ giÃºp báº¡n tÃ¬m Ä‘Æ°á»£c Ä‘Ãºng nhá»¯ng báº¥t Ä‘á»™ng sáº£n mong muá»‘",HÃ  Ná»™i,https://meeyinvest.com/,30 Oct 2019,1:41 AM,50,1,1,3,0,0,0,https://pbs.twimg.com/profile_images/1189482646390239233/cLrQqxkn_400x400.jpg,https://pbs.twimg.com/profile_banners/1189462289570598912/1572429738/1500x500
111349998,Chino Luis...,Picollo47,FanÃ¡tico de lo que es justo y estudioso en el arte de la paciencia...,Hanoi - Vietnam,,4 Feb 2010,8:24 AM,520,485,96,252,27,0,0,https://pbs.twimg.com/profile_images/1181974960782417921/iEYdjZul_400x400.jpg,https://pbs.twimg.com/profile_banners/111349998/1570639769/1500x500
1169272875783577600,Ray,Rayray009123,I will never stop until that day come to me and believe in your choiceğŸ‡»ğŸ‡³ğŸ‡»ğŸ‡³ğŸ‡»ğŸ‡³,"HÃ  Ná»™i, Viá»‡t Nam",,4 Sep 2019,8:36 AM,349,146,4,1040,40,0,0,https://pbs.twimg.com/profile_images/1235263924473225216/V8vaNDAb_400x400.jpg,https://pbs.twimg.com/profile_banners/1169272875783577600/1583344844/1500x500
1080392188872187904,HÃ™NG,Hng63535909,ãƒ™ãƒˆãƒŠãƒ äººæã¯ ã‚¨ãƒ³ã‚¸ãƒ‹ã‚¢ã‚„æŠ€èƒ½å®Ÿç¿’ç”Ÿãªã©ã” èˆˆå‘³ãŒã‚ã‚‹æ–¹ã€ãŠä»˜ãåˆã„ãŒã§ãã‚‹ã‚ˆã†ã«åƒåŠ›ã•ã›ã¦ã„ãŸã ãã¾ã™ã€‚ ã©ã†ã‹ãŠåŠ›ã‚’è²¸ã™äº‹ãŒå‡ºæ¥ã‚Œã°å¤§å¤‰è©³ã—ãæ„Ÿè¬è‡´ã—ã¾ã™ã€‚ LineID: http://vhung89.vnÂ  Email: panda39.vn@gmail.com,"Hanoi, Vietnam",,2 Jan 2019,1:15 AM,305,812,298,1555,80,0,0,https://pbs.twimg.com/profile_images/1216186117315129344/zoVFl_b4_400x400.jpg,https://pbs.twimg.com/profile_banners/1080392188872187904/1578555154/1500x500
1231257672990642176,Thao Tran,thaotran1212,Crazy kat ğŸ˜¼#designer #photographer #independent consultant #digital marketing at PAC Group VietNam,"Hanoi, Vietnam",http://facebook.com/thaottranphotoshoots,22 Feb 2020,8:41 AM,69,134,17,119,31,0,0,https://pbs.twimg.com/profile_images/1238870192899276801/nEbZ78kE_400x400.jpg,https://pbs.twimg.com/profile_banners/1231257672990642176/1582720147/1500x500
1122879938707636224,Richard Vu,richardvuz13,"For me, life is never easy for those who dream.â¤ï¸","HÃ  Ná»™i, Viá»‡t Nam",https://www.instagram.com/richardvuz,29 Apr 2019,8:06 AM,567,0,87,2278,0,0,0,https://pbs.twimg.com/profile_images/1215852777793970176/XOuUJXxB_400x400.jpg,https://pbs.twimg.com/profile_banners/1122879938707636224/1578593316/1500x500
1108927646363062272,dinhlee,dinhlee6,Artist - Design,HÃ  Ná»™i,http://upsidedownism.vn/,21 Mar 2019,8:05 PM,11,26,8,5,1,0,0,https://pbs.twimg.com/profile_images/1108928195707830272/2B3NCETB_400x400.jpg,https://pbs.twimg.com/profile_banners/1108927646363062272/1563252986/1500x500
852768148864380928,BG ARMY,thao_bg30,"I'Lovelies!!! I know who i am, where i from: Speak yourself, love yourself. Teamwork make Dreamwork!ğŸ’œ I purple youğŸ’œFan Account @BTS_twt","HÃ  Ná»™i, Viá»‡t Nam",,13 Apr 2017,11:19 PM,622,193,272,29586,547,0,0,https://pbs.twimg.com/profile_images/1235780669000867847/KflMvcpG_400x400.jpg,https://pbs.twimg.com/profile_banners/852768148864380928/1583468046/1500x500
1234385783340982272,Nguyen Hoang Ha Vy,emkhonggay,Marketing Manager at Binance Vietnamese,Hanoi,https://www.binance.com/en/register?ref=13339920,1 Mar 2020,11:51 PM,101,1252,427,91,30,0,0,https://pbs.twimg.com/profile_images/1235593641399181312/HqKiIFWz_400x400.jpg,https://pbs.twimg.com/profile_banners/1234385783340982272/1583392584/1500x500
1237685185296003075,Hoang Thuy (Artist),HoangThuyArtist,Artist ğŸ‡»ğŸ‡³ğŸ’•ğŸ€ğŸ¨ at LAUVITEL (http://teespring.com/stores/lauvitelÂ ),Hanoi,https://www.binance.com/en/register?ref=13339920,11 Mar 2020,3:22 AM,61,984,414,42,18,0,0,https://pbs.twimg.com/profile_images/1237690638964948993/D-Nk5aM3_400x400.jpg,https://pbs.twimg.com/profile_banners/1237685185296003075/1583925462/1500x500
1233957451960971264,enjoydragon,enjoydragon1,Tourist online,"HÃ  Ná»™i, Viá»‡t Nam",,29 Feb 2020,7:29 PM,36,73,19,12,27,0,0,https://pbs.twimg.com/profile_images/1240968212386164739/WCuOnoxs_400x400.jpg,https://pbs.twimg.com/profile_banners/1233957451960971264/1584704960/1500x500
949537009764220928,Tiáº¿n Cáº£nh,mrgravita,DIY & Home,,,5 Jan 2018,11:03 PM,47,10,3,13,32,0,0,https://pbs.twimg.com/profile_images/1218153103108628480/XTuP5GRG_400x400.jpg,https://pbs.twimg.com/profile_banners/949537009764220928/1572444503/1500x500
2278406366,Vietnam Lung Association.vila,hoiphoivietnam,Há»™i Phá»•i Viá»‡t Nam,"hanoi, vietnam",,5 Jan 2014,6:55 PM,3848,483,46,2829,185,0,0,https://pbs.twimg.com/profile_images/1218831468664803328/2Nk6nVyv_400x400.jpg,https://pbs.twimg.com/profile_banners/2278406366/1582507914/1500x500
1232497896169193473,Dr.XÃ´i,TrngTrn28874008,i am Dr.XÃ´i,,http://www.drxoi.vn,25 Feb 2020,6:50 PM,3,0,0,0,3,0,0,https://pbs.twimg.com/profile_images/1232662438186586112/8orJlGrY_400x400.jpg,https://pbs.twimg.com/profile_banners/1232497896169193473/1582692892/1500x500
399822587,Thuyvi20,Thuyvi20,,"Ha Noi, VN",http://www.rfa.org/vietnamese/,27 Oct 2011,7:53 PM,988,197,41,679,263,0,0,https://pbs.twimg.com/profile_images/1610133284/77_400x400.jpg,
785329898902532096,Linh Nhi,LinhTome,ğŸ˜ğŸ˜ğŸ˜ğŸ˜ğŸ˜,,https://sowon.vn/,9 Oct 2016,9:03 PM,395,1,6,2,18,0,0,https://pbs.twimg.com/profile_images/949542321929908224/KepuyZMJ_400x400.jpg,
849840043,David Best,davidbestarias,International affairs professional. Views are own; RTâ‰ endorsements.,"Hanoi, Vietnam",,27 Sep 2012,12:36 PM,408,386,119,88,31,0,0,https://pbs.twimg.com/profile_images/3332719678/b2e7b615efcaef22e96fd64534ce869b_400x400.jpeg,https://pbs.twimg.com/profile_banners/849840043/1479282716/1500x500
1181430867882905601,ãƒ™ãƒˆãƒŠãƒ ã®é€ã‚Šå‡ºã—æ©Ÿé–¢ã§åƒãæ—¥æœ¬äººã‚¹ã‚¿ãƒƒãƒ•ã®æ—¥å¸¸,okuridashi,é€ã‚Šå‡ºã—æ©Ÿé–¢ã¯ã€Œç¾åœ°ãƒ–ãƒ­ãƒ¼ã‚«ãƒ¼ã€ã¨æ‚ªè³ªå‰æã§æ‚ªã®æ ¹åŒ–ã€æ¬²ã®å¡Šã®ã‚ˆã†ã«éé›£ã•ã‚Œã‚‹ã“ã¨ãŒå¤šãã‚ã‚Šã¾ã™ã€‚ã—ã‹ã—å®Ÿéš›ã«ãƒ™ãƒˆãƒŠãƒ ã®é€ã‚Šå‡ºã—æ©Ÿé–¢å´ã‹ã‚‰è¦‹ãŸçŠ¶æ³ã¯ã©ã†ã§ã—ã‚‡ã†ã‹ã€‚ãƒ™ãƒˆãƒŠãƒ ã§ã®æ—¥å¸¸ç”Ÿæ´»ã¨ã¨ã‚‚ã«ç´¹ä»‹ã—ã¦ã„ãã¾ã™ã€‚,ãƒãƒã‚¤,https://okuridashi.hatenablog.com/,7 Oct 2019,9:47 PM,194,99,18,24,1,0,0,https://pbs.twimg.com/profile_images/1243388745111355392/MfI7bElx_400x400.jpg,
758779304,Nghá» KhÃ¡ch Sáº¡n,nghekhachsan,http://nghekhachsan.4irhotel.comÂ  http://diendankhachsan.comÂ  http://madamyenrestaurant.comÂ  http://duongsrestaurant.comÂ  http://duongrestaurantsaigon.comÂ  http://duongrestaurantmamay.comÂ ,Hanoi,https://hotelcareers.vn/,15 Aug 2012,12:04 AM,2366,152,332,18,429,0,0,https://pbs.twimg.com/profile_images/1036875922899578881/fFG7oH0J_400x400.jpg,https://pbs.twimg.com/profile_banners/758779304/1536045810/1500x500
1153126650613125121,Trang An Palace,tranganpalace,TrÃ ng An Palace lÃ  trung tÃ¢m há»™i nghá»‹ tiá»‡c cÆ°á»›i hÃ ng Ä‘áº§u vá»›i khÃ´ng gian SANG TRá»ŒNG - dá»‹ch vá»¥ CHUYÃŠN NGHIá»†P - sáº£n pháº©m TINH Táº¾ - quáº£n lÃ½ VÄ‚N MINH.,,https://tranganpalace.vn/,21 Jul 2019,7:16 PM,248,0,0,0,0,0,0,https://pbs.twimg.com/profile_images/1153520897103286272/m8pQ-um7_400x400.jpg,https://pbs.twimg.com/profile_banners/1153126650613125121/1563855789/1500x500
14376118,James Pearson,pearswick,"Vietnam Bureau Chief, @Reuters | Multi award-losing author and journalist | â€œA bum who wrote an ignominious jumble of storiesâ€ - North Korea â˜… â˜… â˜… â˜† â˜†","Hanoi, Vietnam",https://www.amazon.com/North-Korea-Confidential-Dissenters-Defectors/dp/0804844585,13 Apr 2008,9:50 AM,1119,947,33211,31560,82,0,1,https://pbs.twimg.com/profile_images/1083637331326689281/0ZzXmon__400x400.jpg,https://pbs.twimg.com/profile_banners/14376118/1575354181/1500x500
1083598662893154304,Tráº§n HoÃ ng SÆ¡n,hoangsonmbs,"Market Strategist at Military Bank Securities, Vietnam. Understanding Vietnam Stock Market, Analysis and Commentary...",,,10 Jan 2019,9:37 PM,1138,329,58,74,127,0,0,https://pbs.twimg.com/profile_images/1242002313847291904/p4mtLtJM_400x400.jpg,https://pbs.twimg.com/profile_banners/1083598662893154304/1583302478/1500x500
1612981633,LÃª Quang Anh,lequanganh2013,A colorful boy with complicated temperament.,"Hanoi, Vietnam",,22 Jul 2013,7:32 AM,516,810,46,520,3,0,0,https://pbs.twimg.com/profile_images/769828479206424576/qTHUruyF_400x400.jpg,https://pbs.twimg.com/profile_banners/1612981633/1582383522/1500x500
843657675380408322,chung cÆ° giÃ¡ ráº»,ChungcugiareTHN,Vietnam Real Estate Supply Company,"HÃ  Ná»™i, Viá»‡t Nam",http://duancondotel.info,19 Mar 2017,7:57 PM,143,68,12,152,2,0,0,https://pbs.twimg.com/profile_images/843662194524876800/Jsj3UjxK_400x400.jpg,
3783048673,khohai,KhoHaidotcom,,,http://www.khohai.com,4 Oct 2015,9:47 AM,10060,602,197,96,6169,0,0,https://pbs.twimg.com/profile_images/686739261027028993/sVqur-H__400x400.png,https://pbs.twimg.com/profile_banners/3783048673/1452566472/1500x500
838972100237004801,La France au Vietnam,FranceAuVietnam,Trang chÃ­nh thá»©c cá»§a Äáº¡i sá»© quÃ¡n PhÃ¡p táº¡i Viá»‡t Nam / Compte officiel de l'Ambassade de France au Vietnam,"HÃ  Ná»™i, Viá»‡t Nam",http://www.ambafrance-vn.org/,6 Mar 2017,8:38 PM,1606,236,5110,1372,226,0,1,https://pbs.twimg.com/profile_images/1237215766157709312/v5TQnxiA_400x400.jpg,https://pbs.twimg.com/profile_banners/838972100237004801/1581323917/1500x500
860761120637722628,St Paul Hanoi,St_Paul_Hanoi,An enriched American educational experience preparing students for success in the global community.ğŸ‡ºğŸ‡¸,,https://stpaulhanoi.com,6 May 2017,12:40 AM,114,77,45,131,62,0,0,https://pbs.twimg.com/profile_images/860783015588274176/IfA0q6mx_400x400.jpg,https://pbs.twimg.com/profile_banners/860761120637722628/1584414050/1500x500
716188169171902464,Cá» May,Comay1007,,,,2 Apr 2016,1:59 AM,25,39,8,12,12,0,0,https://pbs.twimg.com/profile_images/733186775036747776/29Mmvj8X_400x400.jpg,
793346330,some doctor,HotTakeMacheen,a community doctor in your local ED and ICU,HÃ  Ná»™i,,31 Aug 2012,12:52 AM,69091,475,773,28982,2660,0,0,https://pbs.twimg.com/profile_images/1245757661162795008/cyRiq3Cx_400x400.jpg,https://pbs.twimg.com/profile_banners/793346330/1570075046/1500x500
2378525664,Ho Manh Toan,HoManhtoan212,ğŸ“âš½ï¸ğŸ‡»ğŸ‡³,,https://sites.google.com/view/hmtoan/home,8 Mar 2014,2:39 AM,243,162,63,234,6,0,0,https://pbs.twimg.com/profile_images/442510226684534784/7LTi0M13_400x400.jpeg,
2423525376,Realistic Asia,RealisticAsia,"We are proudly to be the leading company in making unforgettable experiences for travelers to Vietnam and Indochina regions (Laos, Cambodia, Thailand, Myanmar)","Hanoi , Vietnam",https://vietnamtourspackages.com,2 Apr 2014,2:36 AM,148,4627,1665,48,76,0,0,https://pbs.twimg.com/profile_images/1173800638162956289/x-81zCko_400x400.jpg,https://pbs.twimg.com/profile_banners/2423525376/1421031759/1500x500
260623353,Kim Encel,KimEncel,"Sports Programming @UNESCO, teaching & research @DeakinBusiness, AFLW PhD. Here to chat about health ğŸ’ª, sport ğŸ¤¸â€â™‚ï¸, and sustainability ğŸŒ±. Views are my own.",,http://www.linkedin.com/in/kimencel,3 Mar 2011,11:20 PM,1720,1320,1133,5780,371,0,0,https://pbs.twimg.com/profile_images/836047785078079488/RzhJxCJx_400x400.jpg,https://pbs.twimg.com/profile_banners/260623353/1506848928/1500x500
2933349943,æ­¦,haivx1902,,Hanoi,,17 Dec 2014,2:34 AM,4691,409,41,18,74,0,0,https://pbs.twimg.com/profile_images/545372970814689280/pwqasdiS_400x400.jpeg,https://pbs.twimg.com/profile_banners/2933349943/1418861992/1500x500
780698566264168448,Luu Huong,Dichthuata2zcom,"CÆ¡ sá»Ÿ TrÃ  Báº£o Äáº¡t, chÃºng tÃ´i bÃ¡n buÃ´n, bÃ¡n láº» cÃ¡c loáº¡i TrÃ  ChÃ¨ ThÃ¡i NguyÃªn Ngon nhÆ° mÃ³c cÃ¢u, nÃµn tÃ´m, trÃ  Ä‘inh.",,https://trabaodat.com,27 Sep 2016,2:20 AM,4137,122,31,179,4063,0,0,https://pbs.twimg.com/profile_images/780702502547099649/c5NBl2-U_400x400.jpg,https://pbs.twimg.com/profile_banners/780698566264168448/1529117001/1500x500
2365540681,Anh Le,ducanhdev,,Ha Noi,https://akdev.pro,28 Feb 2014,4:28 AM,3,32,5,1,0,0,0,https://pbs.twimg.com/profile_images/1239973114605264896/Y83MfG1Q_400x400.jpg,https://pbs.twimg.com/profile_banners/2365540681/1584467603/1500x500
1154965270303084544,nghiaduc,nghiaduc4,vui tÃ­nh,"Hanoi, Viet Nam",,26 Jul 2019,9:02 PM,748,135,32,20,731,0,0,https://pbs.twimg.com/profile_images/1157492045549715457/M6jhwn8U_400x400.jpg,
889347805160001536,Nguyá»…n Ngá»c Báº£o,quynhchi191016,NhÃ¢n ViÃªn SEO CÃ´ng Ty MÃ¡y Bay Trá»±c Tuyáº¿n ABAY,,https://www.abay.vn/,23 Jul 2017,9:53 PM,588,118,81,735,532,0,0,https://pbs.twimg.com/profile_images/996322955402534912/IEZI1Wa8_400x400.jpg,https://pbs.twimg.com/profile_banners/889347805160001536/1526377168/1500x500
252486088,ì£¼ë² íŠ¸ë‚¨í•œêµ­ëŒ€ì‚¬ê´€,koremb_vietnam,"ì•ˆë…•í•˜ì„¸ìš”? ì£¼ë² íŠ¸ë‚¨ëŒ€í•œë¯¼êµ­ëŒ€ì‚¬ê´€ íŠ¸ìœ„í„°ì— ë°©ë¬¸í•˜ì‹  ê²ƒì„ í™˜ì˜í•©ë‹ˆë‹¤.  ã…‡ ì˜ì‚¬ë¶€ (ì—¬ê¶Œ, êµ­ì œê²°í˜¼, ì¬ì™¸êµ­ë¯¼ë“±ë¡ ë° ê³µì¦ê´€ë ¨ ì—…ë¬´ê´€ë ¨ ë¬¸ì˜) ì „í™”ë²ˆí˜¸ : +84-4-3771 0404 , íŒ©ìŠ¤ : +84-4-3831 6834 ã…‡ ëŒ€ì‚¬ê´€ ëŒ€í‘œë²ˆí˜¸ : 3831-5110","ë² íŠ¸ë‚¨, í•˜ë…¸ì´",http://vnm-hanoi.mofat.go.kr/kor/as/vnm-hanoi/main/indexp,15 Feb 2011,12:53 AM,1208,51,1340,357,163,0,0,https://pbs.twimg.com/profile_images/1268683300/_______400x400.jpg,
1202401769457741824,NhÃ£n hiá»‡u Havip,HavipHieu,"Thá»§ tá»¥c Ä‘Äƒng kÃ½ nhÃ£n hiá»‡u lÃ  tÃªn gá»i chung, hay cÃ²n Ä‘Æ°á»£c gá»i lÃ  Ä‘Äƒng kÃ½ nhÃ£n hiá»‡u Ä‘á»™c quyá»n, Ä‘Äƒng kÃ½ thÆ°Æ¡ng hiá»‡u, Ä‘Äƒng kÃ½ nhÃ£n hiá»‡u sáº£n pháº©m...","HÃ  Ná»™i, Viá»‡t Nam",https://havip.com.vn/thu-tuc-dang-ky-nhan-hieu/,4 Dec 2019,5:38 PM,250,0,0,2,0,0,0,https://pbs.twimg.com/profile_images/1202402042821533696/m83wXuCR_400x400.jpg,
1227198450,Nguyá»…n Doanh ÄÃ´ng,dongntvn,YÃªu thÃ­ch xe Honda Win 100 Ä‘i bá»¥i má»™t mÃ¬nh cÃ¹ng em Win 100 vÃ  1 em Cannon.,"HÃ  Ná»™i, Viá»‡t Nam",http://hondawin100.wordpress.com/,28 Feb 2013,2:19 AM,992,37,186,37,383,0,0,https://pbs.twimg.com/profile_images/708072287228985344/wrkpt5Ve_400x400.jpg,https://pbs.twimg.com/profile_banners/1227198450/1504262355/1500x500
196514611,Tuyen Hoang,atkvietnam,"KÃªnh chia sáº» thÃ´ng tin, kiáº¿n thá»©c bá»• Ã­ch cho cá»™ng Ä‘á»“ng.",Ha Noi,https://songtute.com,29 Sep 2010,1:46 AM,5306,345,138,2,121,0,0,https://pbs.twimg.com/profile_images/1133651429/atkvietnam_logo_400x400.jpg,https://pbs.twimg.com/profile_banners/196514611/1583124702/1500x500
892352371698708481,Lee Giang,LeeGiang3101,Construction Engineering & Good project Investor & Coffee house manager & Hitech player & Traveller,"HÃ  Ná»™i, Viá»‡t Nam",https://www.facebook.com/giang.lehoang.7,1 Aug 2017,4:52 AM,1331,28,115,3882,72,0,0,https://pbs.twimg.com/profile_images/1197351010043228161/BRIIQqUu_400x400.jpg,https://pbs.twimg.com/profile_banners/892352371698708481/1557595363/1500x500
1246199641,Khanh Vu,TrongKhanhVu,Reuters News Hanoi.,Hanoi,https://www.reuters.com/journalists/khanh-vu,6 Mar 2013,6:12 AM,2092,132,3502,577,62,0,1,https://pbs.twimg.com/profile_images/1147329651871641601/j6-dU0Mn_400x400.jpg,https://pbs.twimg.com/profile_banners/1246199641/1417426907/1500x500
1215669848304304128,vuducanh431988,vuducanh4319881,Tráº§m tÃ­nh,,,10 Jan 2020,8:21 AM,356,30,4,594,51,0,0,https://pbs.twimg.com/profile_images/1226147821885112321/p1ffvarT_400x400.jpg,https://pbs.twimg.com/profile_banners/1215669848304304128/1580014487/1500x500
2306087533,Thiá»‡n Anh Leo,Thienanhleo,"Official Twitter of Äáº·ng PhÃºc Thiá»‡n, MC event in Vietnam; International Tourguide","HÃ  Ná»™i, Viá»‡t Nam",http://www.facebook.com/thienanhleo,22 Jan 2014,10:43 PM,327,111,46,506,210,0,0,https://pbs.twimg.com/profile_images/1207490344947863552/cQAPLFy3_400x400.jpg,https://pbs.twimg.com/profile_banners/2306087533/1572102743/1500x500
1198141347191906304,ledinhhieu,ledinhh11847683,lehieu1209,,,22 Nov 2019,11:29 PM,12,98,8,50,0,0,0,https://abs.twimg.com/sticky/default_profile_images/default_profile_400x400.png,
1146555687360696320,Vietgal,Vietgal1,"Galego e comunista, farto de que me manden a Cuba marchei pra Vietnam.","Hanoi, Vietnam",http://www.materialsanitariovietnam.info/,3 Jul 2019,4:05 PM,5942,744,983,4471,258,0,0,https://pbs.twimg.com/profile_images/1159452419383685121/4QZaS6It_400x400.jpg,https://pbs.twimg.com/profile_banners/1146555687360696320/1563441315/1500x500
807403478981033985,Gocheap Viá»‡t Nam,gocheapvn,Transformers,"Hanoi, Vietnam",http://www.gocheap.vn,9 Dec 2016,5:56 PM,608,11,19,4,593,0,0,https://pbs.twimg.com/profile_images/999553920639819776/p8rivkJC_400x400.jpg,https://pbs.twimg.com/profile_banners/807403478981033985/1506667599/1500x500
998943931013345280,Trung Tráº§n,TrungTr19250323,A curious man who likes to discover the secret place over the world.,"HÃ  Ná»™i, Viá»‡t Nam",,22 May 2018,8:09 AM,3,85,9,18,0,0,0,https://pbs.twimg.com/profile_images/998946736138731520/b3JFXsMA_400x400.jpg,https://pbs.twimg.com/profile_banners/998943931013345280/1584161739/1500x500
711923180496035840,nguyen phuong thu,phuongthuvir,writing articles on external economics-politics relations and internal socio-economic issues as well as focus on investment and industry sectors,"HÃ  Ná»™i, Viá»‡t Nam",http://vir.com.vn,21 Mar 2016,7:31 AM,120,230,54,152,3,0,0,https://pbs.twimg.com/profile_images/711924967227559936/50BcXN2H_400x400.jpg,
864460323075481602,CGHP TronGuly,CGHPTronGuly,Fortnite: cÃ´ gÃ¡i há» pháº¡m Osu!: CoGaiHoPham Battletag: TronGuly#1689 http://steamcommunity.com/id/tronguly/Â ,"HÃ  Ná»™i, Viá»‡t Nam",https://www.youtube.com/channel/UCBcljZyay8FtlzfborBr1eA,16 May 2017,5:39 AM,421,203,13,9408,139,0,0,https://pbs.twimg.com/profile_images/1232389026432208897/IVCPKgBc_400x400.jpg,https://pbs.twimg.com/profile_banners/864460323075481602/1534698598/1500x500
1235845858437910528,Tinh Dáº§u ThÆ¡m GiÃ¡ Ráº» Táº¡i HÃ  Ná»™i,tinh_thom,Cung cáº¥p cÃ¡c loáº¡i tinh dáº§u thÆ¡m giÃ¡ ráº» táº¡i HÃ  Ná»™i,HÃ  Ná»™i,https://www.facebook.com/tinhdauthomchatluongcao/ff,6 Mar 2020,12:34 AM,41,0,0,35,23,0,0,https://pbs.twimg.com/profile_images/1235848372096921602/G8HCqkxm_400x400.jpg,https://pbs.twimg.com/profile_banners/1235845858437910528/1583484189/1500x500
291826355,nguyen hong hai,civillawinfor,,,http://thongtinphapluatdansu.edu.vn,2 May 2011,10:38 AM,295,20,22,149,210,0,0,https://pbs.twimg.com/profile_images/961161929510154241/cBdMgKyA_400x400.jpg,https://pbs.twimg.com/profile_banners/291826355/1521714406/1500x500
1227541042125139970,Hiáº¿u TrÆ°Æ¡ng,HiuTrng06908632,Nhá»¯ng thá»© gÃ¬ Ä‘Æ¡n giáº£n sáº½ Ä‘áº¹p lÃ¢u ğŸ˜,,,12 Feb 2020,2:32 AM,29,11,10,23,11,0,0,https://pbs.twimg.com/profile_images/1231604992588386305/MicuYwXH_400x400.jpg,https://pbs.twimg.com/profile_banners/1227541042125139970/1582472258/1500x500
23040987,Dat Nguyen,refrez,http://Sagittarius.Running.Triathlon.YogaÂ .VietnamğŸ‡»ğŸ‡³SportReporter 42K PB 3h28 2*100K Finisher Ironman703 debut 5h48 (2019) Next: ?,Hanoi,,5 Mar 2009,11:06 PM,4587,566,610,1536,664,0,0,https://pbs.twimg.com/profile_images/1167034245383999488/Y8D__g0p_400x400.jpg,https://pbs.twimg.com/profile_banners/23040987/1567077622/1500x500
1239576622564388865,mizzyvn@1604,mizzyvn16041,BIG LOVE ARMY AND BLINKâ¤ï¸,,,16 Mar 2020,8:39 AM,1,23,0,2,0,0,0,https://pbs.twimg.com/profile_images/1239578594281570305/FcxTnFvo_400x400.jpg,https://pbs.twimg.com/profile_banners/1239576622564388865/1584373595/1500x500
1196941166,HÃ  Pháº¡m,Virmise,Freelancer,HÃ  Ná»™i,http://virmise.com,19 Feb 2013,4:30 AM,64,76,20,30,22,0,0,https://pbs.twimg.com/profile_images/997693478996856832/Fd6PGeMt_400x400.jpg,https://pbs.twimg.com/profile_banners/1196941166/1526703695/1500x500
1028306860921651206,chichichic,huonggiangbt1,oh my blue sky,,,11 Aug 2018,8:47 AM,28,19,5,6,16,0,0,https://pbs.twimg.com/profile_images/1056629825803186176/HyyCGJh4_400x400.jpg,https://pbs.twimg.com/profile_banners/1028306860921651206/1540754638/1500x500
1238550694170263552,Viss,Hi07149613,,"HÃ  Ná»™i, Viá»‡t Nam",,13 Mar 2020,12:41 PM,20,277,5,33,2,0,0,https://pbs.twimg.com/profile_images/1239815237559152641/3tPezrj4_400x400.jpg,https://pbs.twimg.com/profile_banners/1238550694170263552/1584288738/1500x500
1217649738670952449,tintuctimviec,tintuctimviec,"Tá»•ng há»£p cÃ¡c thÃ´ng tin tuyá»ƒn dá»¥ng, tÃ¬m viá»‡c lÃ m nhanh cá»§a táº¥t cáº£ cÃ¡c nghá» nghiá»‡p hiá»‡n nay.",Ha Noi,https://news.timviec.com.vn/,15 Jan 2020,7:28 PM,794,0,4,0,0,0,0,https://pbs.twimg.com/profile_images/1217650343623790594/_4gltYVP_400x400.jpg,https://pbs.twimg.com/profile_banners/1217649738670952449/1579145441/1500x500
14854673,anh ğŸ¦„ ğŸŒˆ,tuananh_org,kun-tay-nerr nerd. DadOps. k8s || GTFO. Hanoi â¡ï¸ Bangkok â¡ï¸ Hanoi.,"Hanoi, Vietnam",https://tuananh.net,21 May 2008,3:15 AM,9208,1101,451,4740,387,0,0,https://pbs.twimg.com/profile_images/1235175379607797765/2Iu9l2Om_400x400.jpg,
36897363,Quoc Hung,hungpq,Think it simple!,HÃ  ná»™i,,30 Apr 2009,11:19 PM,64,104,44,63,16,0,0,https://pbs.twimg.com/profile_images/1187949597735342080/pVCqA7ay_400x400.jpg,https://pbs.twimg.com/profile_banners/36897363/1519975222/1500x500
1238094844746035202,Goaw,goawsell,Goaw ãƒ™ãƒˆãƒŠãƒ äººã¨æ—¥æœ¬äººã®å…±åŒé‹å–¶ãƒ•ãƒªãƒãƒ»è²·å–ã‚µãƒ¼ãƒ“ã‚¹ / Chá»£ Ä‘á»“ cÅ© váº­n hÃ nh bá»Ÿi ngÆ°á»i Viá»‡t vÃ  ngÆ°á»i Nháº­t,"Hanoi, Vietnam",https://goaw.net/ja/,12 Mar 2020,6:30 AM,68,28,1,2,4,0,0,https://pbs.twimg.com/profile_images/1238097225017769985/hQJ0AKu3_400x400.jpg,
1004498786,Pháº¡m HoÃ ng VÄƒn,vanlacquer72,,HÃ  Ná»™i ,,11 Dec 2012,9:34 AM,1,2,0,0,1,0,0,https://pbs.twimg.com/profile_images/1239760325869588480/lEsONNaF_400x400.jpg,https://pbs.twimg.com/profile_banners/1004498786/1584416902/1500x500
1227773411880865792,NghiHoang,NghiHoang12,"Motovlog, traveler","HÃ  Ná»™i,Vietnam",https://www.youtube.com/channel/UCnOWvh8s6aKkZx_-Hf2EvMQ,12 Feb 2020,5:56 PM,16,0,0,0,16,0,0,https://pbs.twimg.com/profile_images/1239587904822710272/jbw5mNTS_400x400.jpg,https://pbs.twimg.com/profile_banners/1227773411880865792/1584375763/1500x500
238072457,Exotic Voyages Travel,exoticvoyages,"Devoted to take you on a journey to the true #beauty of Southeast Asia, with an open and relaxed mind. #RedefineYourLuxury",,http://bit.ly/Exotic_Voyages,14 Jan 2011,12:51 AM,3018,3495,3534,879,1117,0,0,https://pbs.twimg.com/profile_images/1116187357961605121/M_YRj4gG_400x400.png,https://pbs.twimg.com/profile_banners/238072457/1569314326/1500x500
279652959,Share to Learn .net,sharetolearnnet,Cá»™ng Ä‘á»“ng há»c táº­p trá»±c tuyáº¿n - http://www.sharetolearn.netÂ  | Life is sharing!,Ha Noi,http://www.sharetolearn.net,9 Apr 2011,11:31 AM,246,31,19,0,0,0,0,https://pbs.twimg.com/profile_images/640965362675089408/8ZomqHD0_400x400.jpg,https://pbs.twimg.com/profile_banners/279652959/1440467726/1500x500
