,user_id,name,username,number_tweet,number_following,number_follower,avatar_url
0,1137688540475584512,Jennifer,JenniferNguyn14,539,1,15,https://pbs.twimg.com/profile_images/1208302047361036289/U7XxlyE2_400x400.jpg
1,1099450872784797696,Sinh Nguyen,SinhThienNguyen,60254,2521,1350,https://pbs.twimg.com/profile_images/1245639139581550592/tErNZpjN_400x400.jpg
2,45867144,Zen Nguyen,zennguyen,10425,26,155,https://pbs.twimg.com/profile_images/378800000756330486/da80bfdd345ad722784b5aa986988d2e_400x400.jpeg
3,1166436232919842816,Nguy·ªÖn Th·ªã B√≠ch Ph∆∞∆°ng ( c√¥ gi√°o ),cogiaophuong,59,20,3863,https://pbs.twimg.com/profile_images/1167163601179664384/YNhR--kT_400x400.jpg
4,41752968,Nguoi-Viet Online,nguoivietonline,49893,263,10404,https://pbs.twimg.com/profile_images/656951043402522624/YHVVPZe-_400x400.png
5,3286226774,ViTimes.TODAY,vitimesTODAY,226681,115,149,https://pbs.twimg.com/profile_images/623386505289953280/hTJGV7ET_400x400.png
6,1232698989205549056,Vietnam is the best!,tiendatthieu,53,0,24,https://pbs.twimg.com/profile_images/1239211936421564416/QgJ5rADO_400x400.png
7,1186644885111279618,Phuoc Tuy co,tuy_co,86,0,1,https://pbs.twimg.com/profile_images/1187335304786481152/Iy0NSQVw_400x400.jpg
8,3106048519,myDomain.vn,mydomainvn,11,503,198,https://pbs.twimg.com/profile_images/580234295144374272/r-9C04uS_400x400.png
9,1170335886652801025,INKA CRM,inka29493832,64,0,0,https://pbs.twimg.com/profile_images/1170336217889562624/KSExmA0T_400x400.jpg
10,2709865597,Brown Deer PD,BrownDeerWIPD,4028,724,2490,https://pbs.twimg.com/profile_images/1128653215099174912/22rO_ugp_400x400.png
11,1231791268469989376,ShopDunk,ThiH04225789,522,0,4,https://pbs.twimg.com/profile_images/1231791991052095490/6TDcNRL4_400x400.jpg
12,282108981,DC MOAPIA #StayHomeDC,dcmoapia,7879,891,2282,https://pbs.twimg.com/profile_images/1110201757970374657/tfgR6_dw_400x400.png
13,942240917771059200,LE THAI HAO,HaoleThai,212784,130,222,https://pbs.twimg.com/profile_images/942811246054612993/p1FuWjB__400x400.jpg
14,1218490010401247232,kucasino99,kucasino99,439,19,2,https://pbs.twimg.com/profile_images/1218490127594295297/s7YFTjna_400x400.jpg
15,1248555513207386113,TimelineCoffee&Tea,timelinecoffee,4,187,6,https://pbs.twimg.com/profile_images/1248557973221158913/XlaNJetv_400x400.jpg
16,3263023104,T√¢n Hoa X√£,XHTanhoaxa,22187,0,52918,https://pbs.twimg.com/profile_images/1246690852753166337/eOI6AfR1_400x400.jpg
17,1243371932780642305,Baby Kook'süíú{A.R.M.Y},girlcrazyNTN,21,337,45,https://pbs.twimg.com/profile_images/1243454836206473217/olRf5KEP_400x400.jpg
18,1236567707673214976,Nguyen Vinh Minh,NguyenVinhMinh1,212,4,5,https://pbs.twimg.com/profile_images/1236570606293798912/LBFjtVhX_400x400.jpg
19,585572385,Tran Van Nghia,nghiatran190,737,148,227,https://pbs.twimg.com/profile_images/849878326994849792/cqqh3t6v_400x400.jpg
20,1948703270,Tr·∫ßn VƒÉn Trung,Trungpjico,29,228,31,https://pbs.twimg.com/profile_images/1224311782669352961/9N0XVEXW_400x400.jpg
21,2158122848,For SEOer Pro,ForSEOerPro,1863,1968,73,https://pbs.twimg.com/profile_images/378800000805050314/eab2e744a44ea3636f4ff4c3526c6ac2_400x400.png
22,1203379772358717440,MD RASEL BEPARY,MDRASELBEPARY3,6,277,13,https://pbs.twimg.com/profile_images/1203380526863638530/pLUv5VBr_400x400.jpg
23,2439868644,Day Noi Mi,daynoimi,6267,30,282,https://pbs.twimg.com/profile_images/454940128813649921/A0PLuaCr_400x400.jpeg
24,4256431574,‡§Ö‡§ï‡•ç‡§∑‡§Ø ‡§™‡•ç‡§∞‡§§‡§æ‡§™ ‡§∏‡§ø‡§Ç‡§π,aps_IND_,22426,2520,1010,https://pbs.twimg.com/profile_images/1245765229524344832/2YaI5BQY_400x400.jpg
25,825817838833254401,Expediente Nito,NitoSetroc,17426,298,4536,https://pbs.twimg.com/profile_images/1190190533446160384/8SpQtBzS_400x400.jpg
26,703074853,Nghiem Vietanh,vietanh678,26809,1025,1528,https://pbs.twimg.com/profile_images/519009486409695232/EOY6GYYf_400x400.jpeg
27,299466420,vvuvankhanh,vvukhanh,1657,1570,2195,https://pbs.twimg.com/profile_images/3736131468/06a955f5b6151a3bbebebd78a6cc15e5_400x400.jpeg
28,1169680803116138497,Vu Cuong,VuCuong69358847,76,49,9,https://pbs.twimg.com/profile_images/1169682409475887104/0J2sk7Dl_400x400.jpg
29,1157793381210181632,To Our Loveclipse - TXT Fanbase in Vietnam,tolvn1506,228,202,650,https://pbs.twimg.com/profile_images/1228587108891103234/ZY31BcjG_400x400.jpg
30,3304524289,Tin T·ª©c V·∫πm,TinTucVem,3225,0,33,https://pbs.twimg.com/profile_images/627900039776448512/jjgmAM1M_400x400.png
31,1237762969007611905,Thuan Tran,ThuanTr63446735,17,27,6,https://pbs.twimg.com/profile_images/1237764724411924481/LHpVOE8a_400x400.jpg
32,142010546,GV SSAfrica,gvssafrica,7090,439,1320,https://pbs.twimg.com/profile_images/959083366447534080/DIiyMIxZ_400x400.jpg
33,1224594183769341958,CoLaLa Club,ColalaClub,33,27,1,https://pbs.twimg.com/profile_images/1237131940857147393/2kMj_M6V_400x400.jpg
34,1158309150,Dautocrazy,Dautocrazy,2514,852,133,https://pbs.twimg.com/profile_images/1244320010786328578/WGW6dG8F_400x400.jpg
35,1218720511254908928,chungket,chungket1,201,1,0,https://pbs.twimg.com/profile_images/1218722834207240198/2jCf1urt_400x400.jpg
36,1242816562614198273,vuatiengduc,ToIecs,48,6,1,https://pbs.twimg.com/profile_images/1242816708110364673/6vgiSdRF_400x400.png
37,877866931,tinmoitruong,tinmoitruong,44944,2082,269,https://pbs.twimg.com/profile_images/905414239711485953/VEUtccDw_400x400.jpg
38,958737088937041920,V≈© Quang T√πng,BaoTGVN,482,237,52,https://pbs.twimg.com/profile_images/958862431484129280/02TOfADk_400x400.jpg
39,893695809346076672,YingYing,Keaixiaoying,480,118,2,https://pbs.twimg.com/profile_images/1244640374166962176/Y8PvUbTn_400x400.jpg
40,1217434028468396033,Th√°i B√¨nh,thaibinhslmn,18,1,0,https://pbs.twimg.com/profile_images/1217435145180827648/qady1N5Q_400x400.jpg
41,1232615462241886208,MinhHoang,MinhHoa41492770,7,5,0,https://pbs.twimg.com/profile_images/1232619317281247233/76NT0GSP_400x400.jpg
42,85952089,Nguyen Hung,NguyenPhuonHung,33546,71,285,https://pbs.twimg.com/profile_images/518857379/NPH_400x400.jpg
43,258213307,HuynhHue,HuynhHue,16502,0,106,https://pbs.twimg.com/profile_images/1256606547/c__v__ch_u_400x400.JPG
44,1247093307684970496,Tu·ªá Khang ƒê∆∞·ªùng,UongTue,5,2,0,https://pbs.twimg.com/profile_images/1247094095790485505/5zXMkgvW_400x400.jpg
45,951053290476773376,Nguy·ªÖn VƒÉn Kh√°nh,Khanhuet97,423,106,103,https://pbs.twimg.com/profile_images/1243457577817538565/T-FTLgeL_400x400.jpg
46,23040987,Dat Nguyen,refrez,4598,566,609,https://pbs.twimg.com/profile_images/1167034245383999488/Y8D__g0p_400x400.jpg
47,963704242316877824,LangtuVi‚ù§Ô∏è,langtuvi2,1147,114,13,https://pbs.twimg.com/profile_images/963718919251886081/PncJXxqs_400x400.jpg
48,1470817758,TaÃ£p ChiÃÅ Bitcoin,tapchibitcoin,17526,421,1542,https://pbs.twimg.com/profile_images/942394737557778432/D877t1Cn_400x400.jpg
49,1215643883213746176,Hoang Phan0507,HuyHong22001180,52,243,20922,https://pbs.twimg.com/profile_images/1246982060406763522/EnfQFCP__400x400.jpg
50,1069571112504344576,Oh√πn √Ägb√°y√©,gvyoruba,198,95,260,https://pbs.twimg.com/profile_images/1069571795123126272/n-xm_kdz_400x400.jpg
51,1243596934335680515,≈°b NASIRUDDIN,b_nasiruddin,120,19,13,https://pbs.twimg.com/profile_images/1249246686678925312/Uc4lhjPp_400x400.jpg
52,1103466379871641600,L√™ Tr·∫ßn Th√πy Trang,letranthuytrang,7918,25,93,https://pbs.twimg.com/profile_images/1103466608507248641/V5Vw42Uj_400x400.png
53,2564897306,ƒê·ªó M·∫°nh H·ªìng,bloghong,502,969,104,https://pbs.twimg.com/profile_images/1124251894564581376/cSG7atM5_400x400.png
54,2339943283,Lu·∫≠t S∆∞ Ph√°p L√Ω,luatsuphaply,673,68,20,https://pbs.twimg.com/profile_images/1193133169186197504/6iQtwldZ_400x400.jpg
55,1232980702313897984,Tin Nh√† ƒê·∫•t VN,tinnhadatvncom,652,0,8,https://pbs.twimg.com/profile_images/1238791776443367426/SOWXOd_R_400x400.jpg
56,960851779930939392,Le Van,lethiva30346799,25,133,23,https://pbs.twimg.com/profile_images/960869726711771136/YP10w8D2_400x400.jpg
57,1102858637918134274,C·ªëp Pha Vi·ªát,copphavietcom,236,1,4,https://pbs.twimg.com/profile_images/1237204573732753409/PG6Ey8Ez_400x400.jpg
58,1199985315701608449,1979 vlog,quyen81889903,207,13,4,https://pbs.twimg.com/profile_images/1241005955350794240/9RoqA-6l_400x400.jpg
59,1064736092270673920,NHAONLINEVN,nhaonlinevn,2257,33,2,https://pbs.twimg.com/profile_images/1064736820213108736/JdtHImKu_400x400.jpg
60,1963984814,Tu Phuong News,tintuphuong,18815,282,176,https://pbs.twimg.com/profile_images/378800000603503439/06378eb2fceffb1db4c9b31fc821bde9_400x400.png
61,1203902163300143104,Thu√™ Xe m√°y B·∫£o An,thuexemaybaoan,532,1,3,https://pbs.twimg.com/profile_images/1225371430931423233/i29Os0hv_400x400.jpg
62,102679637,ArmWinter,ArmWinter,113832,83,677,https://pbs.twimg.com/profile_images/817645520877256705/I75P44Qg_400x400.jpg
63,1207250314761424897,huenews,huenewsnet,134,1,7,https://pbs.twimg.com/profile_images/1231980296452444162/ATVnVzoe_400x400.jpg
64,68137413,Thoi Moi Canada,thoimoi,2971,48,69,https://pbs.twimg.com/profile_images/708222380/smallogo_400x400.png
65,1249025567963271168,Bi·ªát th·ª± The Phoenix Garden,ThePhoenixGarde,11,38,2,https://pbs.twimg.com/profile_images/1249026447206834176/O3KAw4k__400x400.jpg
66,1111382994764259328,V√µ Tr·ªçng,VTrng96528638,124,4,1,https://pbs.twimg.com/profile_images/1111385281037389824/VGfYYqx__400x400.png
67,1202143895938723845,Di S·∫£n Tr√†ng An,TrangAnVN,161,93,22,https://pbs.twimg.com/profile_images/1212185044896272384/R6SRmrMW_400x400.jpg
68,2836130972,Thuoc Kich Duc,thuockichduc,10930,4,156,https://pbs.twimg.com/profile_images/517166821258969088/bFzyNpUD_400x400.jpeg
69,1236846034401124357,Shark Tank Viet Nam,VNSharkTank,20,4,5,https://pbs.twimg.com/profile_images/1237239868889001984/vlKvY8i8_400x400.jpg
70,1623373254,Amanda,AmandaaDorr,35457,650,709,https://pbs.twimg.com/profile_images/1186864548504047616/gG5awH99_400x400.jpg
71,14863205,minh duc,havinhduy,6767,1600,360,https://pbs.twimg.com/profile_images/1558914262/Duy_400x400.jpg
72,293400206,KUEM PRO,bienthuy1987,187,150,16,https://pbs.twimg.com/profile_images/1247532692494667777/nu_GuYXu_400x400.jpg
73,818505610694131713,WhereWeGoOneWeGoAll‚≠êÔ∏è‚≠êÔ∏è‚≠êÔ∏è,NiciLovelady,40296,1536,1913,https://pbs.twimg.com/profile_images/1081363641008500737/1-3bR4Bz_400x400.jpg
74,976364467167440896,Jessy Nguyen77.dn,JessyNguyen11,5093,118,168,https://pbs.twimg.com/profile_images/1247454566762680320/KTugm0hD_400x400.jpg
75,2398622954,Ng·ªçc Huy,huyvideo,31677,17,54,https://pbs.twimg.com/profile_images/446465429720924160/mAv2iot4_400x400.jpeg
76,2512641504,L·ªôc Tr·∫ßn Thanh,lc_thanh,28931,3192,7767,https://pbs.twimg.com/profile_images/885406985302167552/Xy_d2pU2_400x400.jpg
77,1156211790981713922,Video B√°o Vi·ªát Nam,videobaovietnam,20168,59,362,https://pbs.twimg.com/profile_images/1179742899468005377/SS5Rl42v_400x400.jpg
78,80298155,ƒê√†i Ti·∫øng N√≥i Hoa K·ª≥,VOATiengViet,82717,1420,24410,https://pbs.twimg.com/profile_images/1182328522897051648/iGRSrCRQ_400x400.jpg
79,1248218506094694402,Agbo Iroyin,AgboIroyin,23,74,3,https://pbs.twimg.com/profile_images/1249063776290291712/MPVN9P0f_400x400.jpg
80,1248143462299570182,NoisyMan,NoisyMan8,8,23,4,https://pbs.twimg.com/profile_images/1248144981845356544/oNjFQ00l_400x400.jpg
81,145146764,Ameer Hamza,mameerhamza,80,228,28,https://pbs.twimg.com/profile_images/1203338062543179776/wPP_XJUg_400x400.jpg
82,936062444899729408,Christy Nguyen,Christy181180,187,98,12,https://pbs.twimg.com/profile_images/1131090431574302721/9w_8wYCE_400x400.jpg
83,1886830375,C·∫°n L·ªùi V·ªõi ƒê·ªùi,Maso_VN,764,1308,72,https://pbs.twimg.com/profile_images/499844768369606656/s2PGO-NU_400x400.jpeg
84,1205829571146158081,KU89,KU89vn,197,12,16,https://pbs.twimg.com/profile_images/1205829669129375744/v0GCVrzQ_400x400.jpg
85,116148047,Huzi,Huzibeijing,57017,3029,714,https://pbs.twimg.com/profile_images/1243209836797423616/E1cWhJby_400x400.jpg
86,153021937,Kiha,Huongpham,3071,146,27,https://pbs.twimg.com/profile_images/1166675106493419521/OZuu5FvX_400x400.jpg
87,1245346585371787265,NGUY·ªÑN H·ªí MINH TO√ÄN,NGUYNHMINHTON1,2,0,0,https://pbs.twimg.com/profile_images/1245347637965938688/PZj9r_Of_400x400.jpg
88,1246719592317087744,Pham Viet,realPhamViet,109,64,9,https://pbs.twimg.com/profile_images/1246858632584560640/h6cC-JHc_400x400.jpg
89,257942307,danlambaovn,danlambaovn,26452,59,5657,https://pbs.twimg.com/profile_images/2487700861/xvao6bjhsrbjztbwke9x_400x400.jpeg
90,808268774625411072,Dani,ddlopesz,16189,2579,3494,https://pbs.twimg.com/profile_images/1242978708912250880/yFQKY0Nb_400x400.jpg
91,1277598097,M88 Vietnam,M88_VIETNAM,20025,791,1861,https://pbs.twimg.com/profile_images/1237320755160829952/tpKQrvLl_400x400.jpg
92,317779614,KURAO (Ëîµ„Ç™),kurao_jp,319,829,30380,https://pbs.twimg.com/profile_images/1071735630994886656/2C_J2s-O_400x400.jpg
93,1453167553,‡∏ú‡∏±‡∏Å‡∏Å‡∏≤‡∏î,hyunbelo,103417,335,2213,https://pbs.twimg.com/profile_images/1248593738793811974/xiFZwznM_400x400.jpg
94,1223115230491725826,Sumato Academy,AcademySumato,35,73,6,https://pbs.twimg.com/profile_images/1223137423493750787/sXuYmeUU_400x400.jpg
95,915907898298966017,Atdanang,atdanang,1627,5,7,https://pbs.twimg.com/profile_images/915911754718232576/mBX7dr2G_400x400.jpg
96,1149836066884485120,Creative Recycle,kidsentertainm6,74,43,0,https://pbs.twimg.com/profile_images/1212268425667473408/UCumrf00_400x400.jpg
97,1415095801,Truong Lam Son,lamson1976,7301,4982,1661,https://pbs.twimg.com/profile_images/820187260494585857/W6DlZXSZ_400x400.jpg
98,1247770193738129408,ku casino,ku_casino68,12,0,0,https://pbs.twimg.com/profile_images/1247886401569353736/7WMvYZk3_400x400.jpg
99,996286329427120128,manh‚Å∑,manh_maey,21838,381,2795,https://pbs.twimg.com/profile_images/1245558373753294848/f3TQ9Wx7_400x400.jpg
100,2267363214,Rachel_pham,thampham1977,81712,136,1486,https://pbs.twimg.com/profile_images/1240893387227578368/eLZxdTt1_400x400.jpg
101,1241297501707067393,toby tran,ngaymoi2029,45,0,0,https://abs.twimg.com/sticky/default_profile_images/default_profile_400x400.png
102,714854950241742848,NAJMUL,NAJMUL90037091,1854,24,7,https://pbs.twimg.com/profile_images/1200441783445905408/Xg87zopi_400x400.jpg
103,996434648166092801,just mei ‚òÅÔ∏è,mayismeii,7233,528,106,https://pbs.twimg.com/profile_images/1248987140672782337/DGLAPev9_400x400.jpg
104,1069067278828728322,hoe IS FLOWER‚Å∑ üåº,hoedangyeo_twt,42241,292,1902,https://pbs.twimg.com/profile_images/1249285807073972226/bOCGvR1x_400x400.jpg
105,952782746622963713,375Group.Club - Investment & Trading Club,375Group_Club,391,149,132,https://pbs.twimg.com/profile_images/1152048870911647744/_OmjRTkE_400x400.jpg
106,965130969442234368,üíúÏö∞ÏÑ§ÏòÅ TA‚Å∑üíú,ta_wooseolyoung,4293,762,97,https://pbs.twimg.com/profile_images/1248952285511553032/NtuOquB__400x400.jpg
107,19137344,Ph·∫°m T√πng,tungpham42,14587,1765,481,https://pbs.twimg.com/profile_images/3233543272/65bcac3cdaa44b61eddabe6fb1c51be0_400x400.jpeg
108,1239809238613946368,Ky Co Gateway Nhon Hoi,kyco_gateway,26,3,0,https://pbs.twimg.com/profile_images/1239810711691227137/KJx1qpwk_400x400.png
109,1245930669961646081,T·∫•n B·∫£o TopVn,TTopvn,103,39,1,https://pbs.twimg.com/profile_images/1245932963583287302/gZFJMpeW_400x400.jpg
110,2601381283,Tr∆∞·ªùng Cao ƒë·∫≥ng Y D∆∞·ª£c Pasteur,yduocpasteur,1130,38,34,https://pbs.twimg.com/profile_images/1054951703345332225/PeLoiwVW_400x400.jpg
111,1161189105398476800,Chuy·ªán nh·∫∑t,VnTrungHc1,39,22,2,https://pbs.twimg.com/profile_images/1246860611000000512/CmFrnTE7_400x400.jpg
112,47930576,RFI Ti·∫øng Vi·ªát,RFI_Vi,52126,37,18504,https://pbs.twimg.com/profile_images/875653847753965568/AoT0v6di_400x400.jpg
113,422431746,kevin,kevkg00,1350,24,15,https://pbs.twimg.com/profile_images/1675435659/Dreamland-Palace-Alioth_400x400.jpg
114,1172578082919575553,TimXe.Net,timxe_net,5178,6,27,https://pbs.twimg.com/profile_images/1172579217776578560/mwGem709_400x400.png
115,93329909,Tibi Nguy·ªÖn,tibinguyen79,10764,1820,1653,https://pbs.twimg.com/profile_images/1188643149863780353/OiGoV87w_400x400.jpg
116,55635996,Internet Magazine,Scotland4me,1017227,5470,6668,https://pbs.twimg.com/profile_images/307451088/scotmap_20a_202_400x400.jpg
117,1240623448310734848,ƒê·∫•t V√¢n ƒê·ªìn,datvandon1,17,1,0,https://pbs.twimg.com/profile_images/1240623851781808128/8QdXOOtg_400x400.jpg
118,159318906,Dhanusha Dissanayake,dhanudissa,1736,156,123,https://pbs.twimg.com/profile_images/753603445651714048/8BO5DKfd_400x400.jpg
119,1210052815021674496,Danh Gia Nha Cai,danhgianhacai1,507,0,2,https://pbs.twimg.com/profile_images/1210417623017521153/65wpfrg__400x400.jpg
120,1241062050681384960,Zclouding Kh·ªüi Nghi·ªáp,zclouding_ibs,42,245,6,https://pbs.twimg.com/profile_images/1248527320224108544/G7ixDxlL_400x400.png
121,934612080,Properties in Hanoi Vietnam for lease(for Expats),hanoifullhouse,7658,3343,1116,https://pbs.twimg.com/profile_images/1020160989705089024/sgE8ZxfV_400x400.jpg
122,1890541950,Urslan Hayat ÿßÿ±ÿ≥ŸÑÿßŸÜ ÿ≠€åÿßÿ™,UrslanH,33481,789,1727,https://pbs.twimg.com/profile_images/1238070520081453056/WCkSvQ15_400x400.jpg
123,1051113128476336128,Moe‚ú®üçª,emoemo1717,958,102,84,https://pbs.twimg.com/profile_images/1244283769088905217/W3wxT7YZ_400x400.jpg
124,1107619792226127873,Cao V√¢n,CAOVAN1983,477,0,4,https://pbs.twimg.com/profile_images/1107620813031636998/9Mz15kKv_400x400.jpg
125,1137976463943069696,T√¢m s·ª± v·ªõi Lu·∫≠t s∆∞,tamsuvoiluatsu,1478,5,4,https://pbs.twimg.com/profile_images/1249526830643720193/T48IwGGw_400x400.jpg
126,278373045,An Qu·∫£ng Ninh,anquangninh,7592,400,426,https://pbs.twimg.com/profile_images/1220366389204045825/BGWmRbNT_400x400.jpg
127,2369122598,Ng·ªçc T·∫•n B√πi,ngoctanbui1,6240,76,24,https://pbs.twimg.com/profile_images/1081279111526375424/fiJXdVIa_400x400.jpg
128,239465044,Sanderlei Silveira,ssanderlei,44532,0,720,https://pbs.twimg.com/profile_images/1218271912/sander_400x400.png
129,357352131,Chuong Nguyen,NguynVnChng1,929,13,418,https://pbs.twimg.com/profile_images/1138815795960541185/EoNDbFlP_400x400.jpg
130,2267379260,ngocanh2013,ngocanh2013,233,47,1,https://pbs.twimg.com/profile_images/417282240012247040/Y2B8bvVb_400x400.jpeg
131,1141353280200536065,Your Math result,YuanNian9039,328,603,27,https://pbs.twimg.com/profile_images/1160378834178338816/7p4LNuPT_400x400.jpg
132,1450509368,Nguyen Thi Ha Thanh,NguyenTHThanh,9907,18,24,https://abs.twimg.com/sticky/default_profile_images/default_profile_400x400.png
133,73434020, énd~puy,hello_chaya,4803,389,85,https://pbs.twimg.com/profile_images/1232450455994658816/MCJ19MA4_400x400.jpg
134,1229941574764646400,Trandau TV,trandautv,177,0,0,https://pbs.twimg.com/profile_images/1229942596979458048/4i7awxzH_400x400.jpg
135,713207825153929217,Gi√°o Ph·∫≠n Qui Nh∆°n,diocese_quinhon,2011,21,160,https://pbs.twimg.com/profile_images/713521339785691136/STq79A_w_400x400.jpg
136,229359825,Tr·ªãnh H·ªìng H√†,trinhhongha90,55,273,14,https://pbs.twimg.com/profile_images/1291122064/HongHa0008_400x400.jpg
137,1191986689402535936,AZVAY,azvay,16,8,0,https://pbs.twimg.com/profile_images/1240105638555865088/Ktne2m5c_400x400.png
138,943608985,Qu√Ω Tr·ªçng,quytrongcpl,182,336,103,https://pbs.twimg.com/profile_images/2840612545/1f86c9b16b9393cb7763c3d561d3964d_400x400.jpeg
139,852180086359040001,Canada Info,thongtincanada,3294,230,83,https://pbs.twimg.com/profile_images/853736484096135168/CpWt3h2J_400x400.jpg
140,406165766,C√¥ng Ngh·ªá Ph√∫c Th·ªãnh,Techsolutionvn,2010,85,176,https://pbs.twimg.com/profile_images/786152890645622784/3ePN0ToQ_400x400.jpg
141,977715129088225280,Azawebsite,azawebsite,3449,65,9,https://pbs.twimg.com/profile_images/977873589343956992/dJWzp0il_400x400.jpg
142,1045507979804430338,T·ª∑ Gi√°,TGi05888912,99,3,1,https://pbs.twimg.com/profile_images/1045509103047438336/arisGMNS_400x400.jpg
143,1205747953714876416,Tr·∫ßn Huy C·∫≠n,TrnHuyCn3,153,19,3,https://pbs.twimg.com/profile_images/1205909312259817473/DuM1x0Cc_400x400.jpg
144,1228654453756088320,Gi√≥,Gi43158549,65,11,263,https://pbs.twimg.com/profile_images/1248253238152802306/tZAvWrUb_400x400.jpg
145,1035535482455814149,Thuat nguyen,Thuatnguyen17,28,2,0,https://abs.twimg.com/sticky/default_profile_images/default_profile_400x400.png
146,970486570988969985,com@gmail.com,Phamthutrang197,770,1112,2208,https://pbs.twimg.com/profile_images/1218523832266289152/qStidYwN_400x400.jpg
147,231605252,Tradingscenes,tradingscenes,11077,35,165,https://pbs.twimg.com/profile_images/1177496563519635457/ukbuzdeY_400x400.jpg
148,1238279307589382149,Phelieugiacao,Phelieugiacao2,8,19,0,https://pbs.twimg.com/profile_images/1238279777632391168/M0GQEJrH_400x400.jpg
149,993496489241423872,Tr·∫ßn Minh H·ªìng,minhhongmttg,12393,104,32,https://pbs.twimg.com/profile_images/1154976492096372737/CT2HmKdt_400x400.jpg
150,1190107704586469376,VEM - Du h·ªçc √öc,VemduhocUc,121,31,6,https://pbs.twimg.com/profile_images/1190108079125336064/8glylhXS_400x400.jpg
151,1237928948064899073,Th·ªÉ H√¨nh Chanel,thehinhchanel,83,0,4,https://pbs.twimg.com/profile_images/1237929569304248321/k9N47FRk_400x400.jpg
152,730289276,B√°o Lao ƒê·ªông,laodongnews,48682,302,5272,https://pbs.twimg.com/profile_images/466089708942942208/M_pMgO8r_400x400.png
153,1241961551747100673,Huy·ªÅn Trang,huyentranghcm,2,2,0,https://pbs.twimg.com/profile_images/1241961960435924995/nxklWjHI_400x400.jpg
154,1238585297476235269,Cu·ªôc S·ªëng M·ªπ,YtPromo402,151,294,58,https://pbs.twimg.com/profile_images/1238585538006974478/9V7sBkdn_400x400.jpg
155,1083238423316426752,Ph·∫ø li·ªáu 247,247Phe,108,6,0,https://pbs.twimg.com/profile_images/1083240195141427200/rvPyD-kc_400x400.jpg
156,1169472671333007360,japo.vn,japo_vn,645,1,8,https://pbs.twimg.com/profile_images/1169475894710136832/DpQgLzWL_400x400.jpg
157,1219260469694935041,ÿßŸÑÿ®ŸàŸÑŸÇÿß üî•,doonpabloo,640,1191,555,https://pbs.twimg.com/profile_images/1246945116046180358/WTIQ01gt_400x400.jpg
158,2788161384,Office of Housing,seattleoh,527,174,1291,https://pbs.twimg.com/profile_images/1176615833612611584/YIuHpzg__400x400.png
159,1160705917664423937,IQ89/‰Ω©ÁèçBoiTran_ÁÑ°Âπ¥ÈáëÈöúÂÆ≥ËÄÖ_INFPÁô∫ÈÅîÈöúÂÆ≥_„Åº„ÅÑ„Å°„ÇÉ„Çì,Tired_BrainJP,3454,233,214,https://pbs.twimg.com/profile_images/1243399152328790016/4VEjdivA_400x400.jpg
160,756740607981289472,ILLU‚≤òIN‚≤Ä‚≤ù - ÿßŸÑŸÖÿπŸÑŸÖ - GURU ‚òØÔ∏è‚öúÔ∏èüá¶üá™üá∞üáµüá™üá¨üá∏üá≤,SDXZV,17264,4923,2385,https://pbs.twimg.com/profile_images/1164671201685442562/ZU4TorwA_400x400.jpg
161,234063095,ol√∫wo j·ªçÃÄgb·ªçÃÄd·ªçÃÅ √ír√∫nm√¨l√†,animolenikun,14920,5269,5452,https://pbs.twimg.com/profile_images/1238157812880084992/qjghgPLq_400x400.jpg
162,2593653362,pham cuong,cuongcppanda,457,35,35,https://pbs.twimg.com/profile_images/831803385946873856/Shk40mCE_400x400.jpg
163,1247260494236454912,m√Ø√ßh√®≈Ç≈Ç√© ü¶†,michmede_,8,1,8,https://pbs.twimg.com/profile_images/1247264604159389697/MrFr7rEB_400x400.jpg
164,773490905617539072,T·ªëc B·∫•t ƒê·∫°t,bkcntt,259,26,12,https://pbs.twimg.com/profile_images/1245921780855783425/gLd-kpxN_400x400.jpg
165,1149344463799476225,ÂçÉÊò•,moonie0322,1655,177,9,https://pbs.twimg.com/profile_images/1149344570305441792/V_jBI1z7_400x400.jpg
166,4865176333,AnhDep24-Net,anhdep24,132220,8,2346,https://pbs.twimg.com/profile_images/1136645843715366912/MrJle3w1_400x400.png
167,1242587569,luciana üíö,soaryoongi,127952,163,1546,https://pbs.twimg.com/profile_images/1249354846383333380/i6RU2gVk_400x400.jpg
168,276088297,Yhocvn.net,Yhocvn_net,2853,726,587,https://pbs.twimg.com/profile_images/923741156529225729/K1VxG9vA_400x400.jpg
169,1193711940226318336,ƒê√†o T·∫°o Seo FOOGLESEO - Kh√≥a H·ªçc Seo RYS,khoahocseorys,1512,4,4,https://pbs.twimg.com/profile_images/1193712130706403328/vMLi1ZPq_400x400.jpg
170,227535245,SaigonCasa,saigoncasa,55,31,13,https://pbs.twimg.com/profile_images/966230561432875008/RoGOrTVu_400x400.jpg
171,1235152526384582656,Th√≠ Nghi·ªám Khoa H·ªçc DIY,diy_sci_expm,16,12,1,https://pbs.twimg.com/profile_images/1245336440449318912/1a9kVjBa_400x400.jpg
172,1053689361886150656,CHENLE VIETNAM FANBASE,ChenleVN,362,113,58,https://pbs.twimg.com/profile_images/1225326088424808448/n7uJgO_j_400x400.jpg
173,1231579668735639553,KU Casino,KUCasino3,3,3,0,https://pbs.twimg.com/profile_images/1231579769755451392/RXhHk7Kq_400x400.jpg
174,807403478981033985,Gocheap Vi·ªát Nam,gocheapvn,614,11,19,https://pbs.twimg.com/profile_images/999553920639819776/p8rivkJC_400x400.jpg
175,1109282401694281728,D∆∞∆°ng L√™ T∆∞·ªùng Vy,duongletuongvy,142,25,1,https://pbs.twimg.com/profile_images/1109282602630807552/Wkj7_w-Z_400x400.png
176,1246247124079165441,thaiwithgrace üáπüá≠,thaiwithgrace,12,2,1,https://pbs.twimg.com/profile_images/1248063510619271168/81McnzYH_400x400.jpg
177,598256611,üíÖüèª,berrycreamie,79705,265,92,https://pbs.twimg.com/profile_images/1241906530175160320/E9t3IZdC_400x400.jpg
178,122417693,Hang Bui,GLNVN,11,12,62,https://pbs.twimg.com/profile_images/1199501692493942785/quWWW4wq_400x400.jpg
179,1102387469012525056,Hu·ª≥nh V√µ Kh√°nh Linh,huynhvkhanhlinh,2884,31,57,https://pbs.twimg.com/profile_images/1102387983217451008/yoUf5Co8_400x400.jpg
180,742281384551579648,FUN! JAPAN,FUNJAPANTravel,2027,30,763,https://pbs.twimg.com/profile_images/877833587013201921/9i3t635__400x400.jpg
181,1161336294053539840,B√¨nh Dentist,cardinguyen,2406,12,4,https://pbs.twimg.com/profile_images/1161336751031328768/5Ggc5QAS_400x400.jpg
182,1226392704038232064,KYH Support Vietnamese Union,KYHVNUnion,132,0,260,https://pbs.twimg.com/profile_images/1226408878071373825/pqwEuv6f_400x400.jpg
183,2561641080,Vietnam Excellence,vnexcellence,489,86,217,https://pbs.twimg.com/profile_images/476762856528961536/KeECj4M4_400x400.jpeg
184,1726347025,Le Thi Dieu Uyen,congaitaynguyen,1030,227,201,https://pbs.twimg.com/profile_images/378800000406240167/6a88f715c40cd56a8e635efad8f0f816_400x400.png
185,2372295558,Giupviecnhatheogio,dichvugiupviec,230,48,145,https://pbs.twimg.com/profile_images/440929674990845952/MehwCOKM_400x400.jpeg
186,1903666314,Danang Songhan,danangsonghan,557,68,168,https://pbs.twimg.com/profile_images/378800000505650910/de6d0c8373c1c164b86187973d945d4d_400x400.jpeg
187,1655659188,Mayvesinh Congnghiep,Mayvesinhtkt,837,365,284,https://pbs.twimg.com/profile_images/378800000260649469/2e45c67f701f409e86860d7d00625efb_400x400.jpeg
188,1904644591,Cantho Taydo,taydocantho,967,77,300,https://pbs.twimg.com/profile_images/378800000506702512/ed2b447bbca868d382f6afae1b6b33e3_400x400.jpeg
189,1941438654,Hanoi TrangAn,Hanoitrangan,929,189,1366,https://pbs.twimg.com/profile_images/378800000558190895/f9e6a357dbca82cf7b8d874dca310455_400x400.jpeg
190,723774198,Thuy lieu,Thuylieu285,722,200,386,https://pbs.twimg.com/profile_images/378800000352642734/b9a4e4cc96b68fbacdae9f74e111060f_400x400.jpeg
191,2153313264,Saigon Moi,saigonmoicuatoi,399,60,425,https://pbs.twimg.com/profile_images/378800000644074680/093e4c1d135daaab17391abc57388ee0_400x400.jpeg
192,2723358816,TKT Plant,tktplant,419,46,132,https://pbs.twimg.com/profile_images/498729507939827713/RQF9314b_400x400.jpeg
193,1466903438,TKT Maids,tapvuvanphong,697,826,506,https://pbs.twimg.com/profile_images/3726778131/f848ef7566f6459b8ffeb7f08e490d3b_400x400.jpeg
194,2227941294,C√† Mau ƒê·∫•t M≈©i,camaudatmui,441,70,203,https://pbs.twimg.com/profile_images/378800000823661764/bb6e4deee78741752321fa4899cb7199_400x400.png
195,2166379398,H·ª©a Tam Phong,huatamphong,802,72,185,https://pbs.twimg.com/profile_images/378800000673043643/1ac048a1cc3a6221e88b7f1626495445_400x400.jpeg
196,1696938416,Pham Thi Thu Hoai,nguoihatinhminh,553,209,221,https://pbs.twimg.com/profile_images/378800000352174950/33480f60d37a554dcaeb0f8ac8c4f7f9_400x400.jpeg
197,1866937334,C√¥ng Ty V·ªá Sinh TKTCLEANING,congtyvesinh,1013,392,377,https://pbs.twimg.com/profile_images/378800000460264305/ab7c8ab5c93026c91cbf6f5c59c3e517_400x400.jpeg
198,1469963149,Dichvu Vesinh TKT,DichvuVesinhTKT,914,590,472,https://pbs.twimg.com/profile_images/3732343904/7f588d75c8e13fcf816c3a4c78dbf00e_400x400.jpeg
199,1219991743573053445,Rebecca Nguyen,MeanRePlan,1447,59,43,https://pbs.twimg.com/profile_images/1242862882276048896/Coo4kFkF_400x400.jpg
200,1083755055948300288,dnnc.lokie,mrlokie1,33,68,1131,https://pbs.twimg.com/profile_images/1234420694315745281/pGdhIX1E_400x400.jpg
201,1428853099,Tu·∫•n Nguy·ªÖn,baotoquoctoday,87598,322,527,https://pbs.twimg.com/profile_images/3659903611/576aca9a5e5f562da95ed38407627122_400x400.jpeg
202,82311453,‡∏û‡∏£‡∏∞‡∏™‡∏ô‡∏¥‡∏ó‡∏ß‡∏á‡∏®‡πå,Psanitwong,286553,3144,10727,https://pbs.twimg.com/profile_images/1224865304322293760/acGXLakb_400x400.jpg
203,571083174,C·ª≠a H√†ng Camera,thienminhvuong,410814,2760,3331,https://pbs.twimg.com/profile_images/1105469508813123584/RymbAlUk_400x400.png
204,1123806644801032198,Mean's Linh,PhanThanhMLinh1,5941,53,40,https://pbs.twimg.com/profile_images/1237037524268109824/cID4EVVC_400x400.jpg
205,1209738936727113729,VisaBet,visabetvn,216,32,4,https://pbs.twimg.com/profile_images/1209743098869239808/vjCOLEkZ_400x400.jpg
206,931702880070807558,Â∑ùË•ø„Ç∏„É£„Éº„Éä„É´ „Äê„Ç≥„É≠„ÉäÊÉÖÂ†±„Äë,Kawanishi_Navi,5826,1006,1442,https://pbs.twimg.com/profile_images/1248574647483785216/wlrDQiLn_400x400.jpg
207,2931718514,Ngo Van Dung,ngovandungkt1b1,1334,145,181,https://pbs.twimg.com/profile_images/994075267701334016/jMkhze_A_400x400.jpg
208,962891449594298368,Giavang.net,GiavangN,9231,327,159,https://pbs.twimg.com/profile_images/1189364146896113670/IBH0nD1q_400x400.jpg
209,1203923053651955712,eNetViet,eNetViet,23,7,1,https://pbs.twimg.com/profile_images/1203926244280041472/vcm6uS0V_400x400.jpg
210,1204947758936772608,M√°y n√©n kh√≠ H·ª£p Nh·∫•t,maynenkhi2,73,2,2,https://pbs.twimg.com/profile_images/1248469697214873602/9S_ekwDE_400x400.jpg
211,4856347403,Syed Rahat Ali,rahatalitiens,268,404,35,https://pbs.twimg.com/profile_images/1132022055984128002/Gp4i6RNN_400x400.jpg
212,760044605404348416,asiadragoncordage@gmail.com,ADCcordtwine,186,18,10,https://pbs.twimg.com/profile_images/1098626928075071489/zoq0iBFZ_400x400.jpg
213,1259743086,Du l·ªãch Vi·ªát Nam,dulichvietnam82,2843,29,650,https://pbs.twimg.com/profile_images/693707794411712513/PjDSQ_oa_400x400.jpg
214,1248523942752448512,An L√™,vitinhcucomvn,1,6,4,https://pbs.twimg.com/profile_images/1248525033690910721/Hun296iR_400x400.jpg
215,1132531035713839104,Th·∫ø H√πng,LionTheHung,30,48,1,https://pbs.twimg.com/profile_images/1132531452875161600/_0Ww1kUB_400x400.jpg
216,984648035031441408,cafe ch·ª©ng kho√°n,MoiGioiNangDong,7002,80,138,https://pbs.twimg.com/profile_images/1036485141160312833/AOHQ-i6i_400x400.jpg
217,780923910,Tour Thai Lan,tourthailancom,11080,299,245,https://pbs.twimg.com/profile_images/509740634014363649/z-I0_jT6_400x400.jpeg
218,39976190,Th√¥ng tin H√†n Qu·ªëc,thongtinhanquoc,6976,8,934,https://pbs.twimg.com/profile_images/971795781123387393/qwihEOKv_400x400.jpg
219,945204067369869313,Unique Outdoor Advertising,AdvertisingOOH,1129,8,17,https://pbs.twimg.com/profile_images/945211257094733825/YkXx7_zi_400x400.jpg
220,1247361792356937729,Vua G·∫°o,VuaGao,5,2,1,https://pbs.twimg.com/profile_images/1247361889874530305/8l7L6CFT_400x400.jpg
221,1110774800,J.,maovellous_1207,2519,68,18,https://pbs.twimg.com/profile_images/991017788364869636/d1Q15LlF_400x400.jpg
222,1009313563767238656,Faizaan Ahmed (0.5k),FaAlifAnsari,5213,877,540,https://pbs.twimg.com/profile_images/1249372556257300480/5RV0lTvD_400x400.jpg
223,1206449787546923009,TR·∫¶N L√ä SHOW,tranleshow,27,1,0,https://pbs.twimg.com/profile_images/1213255086933102593/jrfw0kLe_400x400.jpg
224,919784284268912640,VietValley,VietValley,1334,39,21,https://pbs.twimg.com/profile_images/1177053571121999872/Gl1dJFD4_400x400.jpg
225,145540592,TV9 Kannada,tv9kannada,89016,9,161289,https://pbs.twimg.com/profile_images/1239814594224197633/ORTB9Zt7_400x400.jpg
226,1226721503623839752,X·∫ø C∆∞ng,xe_cung,56,152,46,https://pbs.twimg.com/profile_images/1226724034211008512/qhI7zUaz_400x400.jpg
227,3279507602,YUH,h791182,302,229,947,https://pbs.twimg.com/profile_images/1244190062201323521/HEgHj73L_400x400.jpg
228,274584049,Vietnamese Language Studies,VLStudies,954,929,3986,https://pbs.twimg.com/profile_images/983640793389780992/mTcyj0JG_400x400.png
229,1021097560503701505,m·ªù,anythinggoes99z,131105,312,149,https://pbs.twimg.com/profile_images/1247238936730140673/5AYgoNz5_400x400.jpg
230,1238315815646068738,M√°y √âp M√≠a T·∫•n Ph√°t,mayepmiatanphat,17,2,4,https://pbs.twimg.com/profile_images/1238316124145463296/j9Td5Klo_400x400.jpg
231,1244922104631287808,B√¨nh Minh,BnhMinh02535770,1,1,0,https://pbs.twimg.com/profile_images/1244924129838379008/Ilp-970X_400x400.jpg
232,1209318686424616960,Web t·ª∑ gi√°,tygiavn,52,0,0,https://pbs.twimg.com/profile_images/1209320283602993152/iUvqVreN_400x400.jpg
233,844574553938378752,Qu·∫•t Th·∫ø M·∫°nh,quat_the,35,40,3,https://pbs.twimg.com/profile_images/844720812301045760/Ct00FX6b_400x400.jpg
234,1185457327115132928,K√™nh ƒê·ªãa ·ªêc 24h.com,IaKenh,16,7,3,https://pbs.twimg.com/profile_images/1185457890779267072/yulkDO78_400x400.jpg
235,2288196925,Anhthuonggroup,hoanganhth13k,149,6,1,https://pbs.twimg.com/profile_images/1199538753833816065/jtDBVt4z_400x400.jpg
236,1239753065323884544,Honda S√¥ng Tr√†,HondaSong,19,416,13,https://pbs.twimg.com/profile_images/1245976039152476160/SsaDV5WH_400x400.jpg
237,1225615603643252736,dinhdoclap_independencepalace,DinhdoclapI,32,14,14,https://pbs.twimg.com/profile_images/1225616105076510720/hYmddWyw_400x400.jpg
238,1769361,BBC News Ti·∫øng Vi·ªát,bbcvietnamese,55684,134,86130,https://pbs.twimg.com/profile_images/985800136478556160/CXDzi3rg_400x400.jpg
239,85113005,My Pham Oriflame,orifllame,3899,56,47,https://pbs.twimg.com/profile_images/378800000476688388/12b4e4da0b6f49600b018ff74c586c33_400x400.jpeg
240,1224521983821398016,VIETNAMSTUDENT,Vietnamstudent1,54,12,4,https://pbs.twimg.com/profile_images/1224525296264609792/gZTyXBaz_400x400.jpg
241,1175313625319268353,T·ªùi ƒëi·ªán - Palang,toidienm5s,843,800,396,https://pbs.twimg.com/profile_images/1196720434072305665/m20PqTaF_400x400.jpg
242,890037807682469888,CAPIT√ÅN ASTROLABIO üå†‚òï,JuanAstrolab,28356,1414,601,https://pbs.twimg.com/profile_images/1249417077418491905/KV6gPsiE_400x400.jpg
243,788811437141397504,Son Pham,Phamsonrobinson,34,286,10,https://pbs.twimg.com/profile_images/1246619249600106496/7jLJnBGQ_400x400.jpg
244,17595252,ƒê√†i √Å Ch√¢u T·ª± Do,DaiAChauTuDo,50091,8876,31034,https://pbs.twimg.com/profile_images/1106221646413746176/X1s2OgfV_400x400.png
245,2301781660,Emry's Damson jrüëë,AriyoDhamelola,6108,3279,1124,https://pbs.twimg.com/profile_images/1223763687875530759/x2coRkBC_400x400.jpg
246,2683803230,nguyen huu hung,huuhung058,334,1103,468,https://pbs.twimg.com/profile_images/494672262557990915/0LerSmht_400x400.png
247,1230981966863925248,√åJOBA √ÄWA ARAWA,IjobaAwarawa,218,28,121,https://pbs.twimg.com/profile_images/1231506938829189120/Dt1iJOSl_400x400.jpg
248,879949541105061888,üçÑ Nguy·ªÖn H·ªôi üçÅ,nguyenhoi11101,88,16,14,https://pbs.twimg.com/profile_images/1248313743206780928/HU1ix0nQ_400x400.jpg
249,244022151,Yemane Tesfay,yemane1,339,118,39,https://pbs.twimg.com/profile_images/438670955502518272/mDbHXxSl_400x400.jpeg
250,1178512970088775681,Da Bong TV,DaBongTV,52,2,4,https://pbs.twimg.com/profile_images/1178513408498397184/dIyHbz2T_400x400.jpg
251,1244968879861817344,Sayy,hieusayy,6,5,0,https://pbs.twimg.com/profile_images/1244971405013159941/M_ztig62_400x400.jpg
252,903431329076830208,üêØVAEPLE - 951230 üåæ,JuviaLeo_twt,23808,254,14823,https://pbs.twimg.com/profile_images/1248844091623763968/PKVXRNjb_400x400.jpg
253,31081002,Express Magazine,EMSolutionsVN,5013,363,67,https://pbs.twimg.com/profile_images/435314947694673920/TelUKxFR_400x400.jpeg
254,1236910491072512000,TPT Vlogs,VlogsTpt,52,243,12,https://pbs.twimg.com/profile_images/1236911131341377538/0pv2Jxru_400x400.jpg
255,751956540,L∆∞u Anh Tu·∫•n,AnhTuan090990,1931,6,51,https://pbs.twimg.com/profile_images/1006981303147716609/9mnSs-8B_400x400.jpg
256,1235029507729285120,Langson news,news_lang,95,0,3,https://pbs.twimg.com/profile_images/1235029972810518529/LUdbkgE-_400x400.jpg
257,1097398402713739264,Galatourist,galatourist_com,222,208,24,https://pbs.twimg.com/profile_images/1097424271393968128/zvwOj01S_400x400.png
258,730908120654843905,.gov pdfs,GovPdfs,133586,0,173,https://pbs.twimg.com/profile_images/735000459199406080/5LEidwW__400x400.jpg
259,536834075,Cactus,vantinh7,739,169,44,https://pbs.twimg.com/profile_images/529483864360501250/tZ8_ZcMy_400x400.png
260,731002417148362752,ÂêâÁ•• Jixiang,TuongHuynh712,1326,72,56,https://pbs.twimg.com/profile_images/1246638893396406274/ZIzSNCG0_400x400.jpg
261,882663572240596992,Zuki,tanminh8889,26,104,8,https://pbs.twimg.com/profile_images/956322246825398272/AuMJ9DXW_400x400.jpg
262,848373635999973377,HieuNotes,hieunotes,439,148,42,https://pbs.twimg.com/profile_images/1210474814135095296/nIDLNux-_400x400.jpg
263,1177800281926467584,KD Gi·∫£i Tr√≠,KD_GiaiTri,382,1,15,https://pbs.twimg.com/profile_images/1177821190762590209/yZIrRNYS_400x400.jpg
264,1130316849403400192,C√¥ng ty c·ªï ph·∫ßn c√¥ng nghi·ªáp x√¢y d·ª±ng Ychi Vi·ªát Nam,cuatudongychi,121,817,226,https://pbs.twimg.com/profile_images/1245556589785788417/z_dPdUdZ_400x400.jpg
265,1226763273946615814,T&H Financial Services,thtaxinsurance,18,12,0,https://pbs.twimg.com/profile_images/1228170817218863106/54QDGqlr_400x400.jpg
266,1212681069390000129,DENTOZclear - N∆∞·ªõc S√∫c Mi·ªáng Ch√≠nh H√£ng H√†n Qu·ªëc,dentozclear,62,15,1,https://pbs.twimg.com/profile_images/1245741147462332416/TZ5bSX_s_400x400.jpg
267,2351390888,V≈© T√πng,0988332563,232,9,7,https://abs.twimg.com/sticky/default_profile_images/default_profile_400x400.png
268,1197903285681700864,Th·∫Øng Trai Bao Cu Nh·ªè 18T,Cunho13cm,629,4943,289,https://pbs.twimg.com/profile_images/1210552943818067969/uJc7vb_g_400x400.jpg
269,839314908147671041,Phan thanh haÃâi,Phantha50323675,128,497,9,https://pbs.twimg.com/profile_images/1171685828298342400/KpsR8evb_400x400.jpg
270,1248127584887402498,Binhpham,Binhpha14949088,26,39,1,https://pbs.twimg.com/profile_images/1248170121077518336/WF3mK6iE_400x400.jpg
271,4509352092,SHAIK KHAJAVALI,khaja18608,3770,3547,1927,https://pbs.twimg.com/profile_images/1237081524874276864/7-kmxStc_400x400.jpg
272,707814058209234944,Save the World üî• Stay at Home,stwsah,213,0,4,https://pbs.twimg.com/profile_images/1220293233516765185/W28BBhTp_400x400.jpg
273,2380203470,UCA,UCAsaudiarabia,2616,58,3486,https://pbs.twimg.com/profile_images/1189835324924538880/_UoB8qZ0_400x400.jpg
274,1115587543674699778,Nhi V∆∞∆°ng,NhiVuong8393,88285,323,261,https://pbs.twimg.com/profile_images/1235624297420316672/OZhs_lfq_400x400.jpg
275,1048385773479686144,Vieclam24hNetVn,vieclam24hnetvn,276,4,3,https://pbs.twimg.com/profile_images/1048386661686464513/s-8mPBAQ_400x400.jpg
276,726964739515912192,Dat Boi!!!!!!!!!,ohshitwhaddup,17254,1,102,https://pbs.twimg.com/profile_images/726965796493103105/JEv3XKiM_400x400.jpg
277,933547092953391104,VNPT Sales Online,SalesVnpt,137,3,6,https://pbs.twimg.com/profile_images/1174145588629164032/uuLqPlIE_400x400.jpg
278,1180765924594335744,+84703261371,HuuLeDo1,63,91,11,https://pbs.twimg.com/profile_images/1247384496258744320/hBHDSelY_400x400.jpg
279,596010101,VNPT TP.HCM,vnpthcm,4601,1708,237,https://pbs.twimg.com/profile_images/1135755720643637248/yDetab4L_400x400.png
280,1234683178809344000,kieutran,kieutra05891369,3,4,0,https://pbs.twimg.com/profile_images/1234683662525841412/L_i7pYPW_400x400.jpg
281,4652488729,VPP VINACOM,VPPVinacom,544,1973,666,https://pbs.twimg.com/profile_images/1147326401999036416/nXjudbdK_400x400.jpg
282,103787891,ThinhDNT,tranphien,2878,70,60,https://pbs.twimg.com/profile_images/799534354649272320/yOnH550Q_400x400.jpg
283,1088822516905168896,MOA_VIETNAM,TXTrans_VN,5778,23,903,https://pbs.twimg.com/profile_images/1245370539088072705/gAYGaD4j_400x400.jpg
284,2903410034,Th·∫ø Gi·ªõi N·ªám,thegioinem,854,336,175,https://pbs.twimg.com/profile_images/1118701856388079616/EJWDWbbj_400x400.png
285,1184319021006458881,VEM - T∆∞ v·∫•n ƒë·ªãnh c∆∞ √öc,vemvisavn,161,35,16,https://pbs.twimg.com/profile_images/1213002113413836800/LkXK44lK_400x400.jpg
286,540672434,ƒêinh Quang Trung,dinhquangtrungd,4014,191,74,https://pbs.twimg.com/profile_images/1143013797344362496/x0ngGK1d_400x400.png
287,1136621124614180864,Qu0c,ZeeGoodWill,2098,30,6,https://pbs.twimg.com/profile_images/1191634817038708736/IRao1h4Q_400x400.jpg
288,1064340101440790528,TradelineVietNam,tradelinevn,643,95,37,https://pbs.twimg.com/profile_images/1068677612657008641/tgUe894D_400x400.jpg
289,1246280046232231938,SANtv,ntv_sa,6,145,9,https://pbs.twimg.com/profile_images/1246280506842312705/gN1m8QHi_400x400.jpg
290,905619338928914432,Tr∆∞·ªùng Trung C·∫•p Kinh T·∫ø Du L·ªãch TPHCM - CET,CetEdu,1234,49,15,https://pbs.twimg.com/profile_images/905631904530964480/SP08e7IR_400x400.jpg
291,491904519,Long Phu Tourist,DuLichLongPhu,1035,48,221,https://pbs.twimg.com/profile_images/632127043862302721/dPOw7OhQ_400x400.png
292,953572426792583168,Nguy·ªÖn Th·∫ø T·∫•n,NTheTan,5,20,4,https://pbs.twimg.com/profile_images/1245916828087410693/3q8o7iHd_400x400.jpg
293,3108005437,T∆∞·ª£ng Ph·∫≠t g·ªó Ph√∫c Minh,tuongphatgo,2410,299,110,https://pbs.twimg.com/profile_images/669676888483168257/HKT5RNOD_400x400.jpg
294,161602360,„ÉÅ„Éô„ÉÉ„Éà G „Å´„ÇÖ„Éº„Åô,tibet_G_news,9766,484,559,https://pbs.twimg.com/profile_images/1712482408/glassball-freetibet_400x400.png
295,137280699,Hoang Quy-Luat,dzu251,17232,2135,1765,https://pbs.twimg.com/profile_images/2474126307/5y4k0w0xu30b01akebgq_400x400.jpeg
296,1157898685205757953,Herius Nguy·ªÖn,HeriusNguyen,668,72,6,https://pbs.twimg.com/profile_images/1160829810748166144/mpXQRQy3_400x400.jpg
297,950613444,Br·•ô·•ío BrŒπ·•£h·•≤·•ít·•±,BrunoBrilhante0,336,653,8788,https://pbs.twimg.com/profile_images/1242924731105501186/usJOtKJH_400x400.jpg
298,1212618645014138880,Nguy·ªÖn Tu·∫•n D≈©ng,TuanDungsoikeo,77,0,0,https://pbs.twimg.com/profile_images/1212758147774873602/NdmlGvpD_400x400.jpg
299,1237017454108262402,Qzhu,_qingzhu97,13,14,0,https://pbs.twimg.com/profile_images/1247914574717669377/8_q1k-Rl_400x400.jpg
300,1107203494509830145,Somu,Soma143UK,26,20,3,https://pbs.twimg.com/profile_images/1245610250838740992/fFoyjkHz_400x400.jpg
301,2897319109,dimo,dimo_mi,8488,318,95,https://pbs.twimg.com/profile_images/1183104005372694528/TptBaoXe_400x400.jpg
302,804320341,·ªåM·ªå YO√íB√Å,yobamoodua,22010,480,5160,https://pbs.twimg.com/profile_images/600650453911613440/9zEcv2cP_400x400.jpg
303,960354854932660225,Anh Van,AnhVan52752141,8,29,1,https://pbs.twimg.com/profile_images/972980864144441344/37Skvr-A_400x400.jpg
304,1004914950215626753,The white rabbit Kookie‚Å∑ üê∞üíñ,CookieNhu,26756,226,218,https://pbs.twimg.com/profile_images/1248983125289349121/QPQZe5js_400x400.jpg
305,839747482124861440,NguoiDenTuBinhDuong,NguoiBinhDuong9,2371,3664,491,https://pbs.twimg.com/profile_images/839754085326716928/Mr70FLF5_400x400.jpg
306,864684961722388480,√Ånh √Ånh‚Å∑ üíú,anhtran585,2346,43,47,https://pbs.twimg.com/profile_images/1240160591504785409/0TS--jjb_400x400.jpg
307,947280390229594113,I want off PanzerThiefZero's wild ride!,PanzerThiefZer0,32759,654,76,https://pbs.twimg.com/profile_images/1243752275664756736/Fme2_i-T_400x400.jpg
308,3159530394,Cao Minh Car Service,MRcuongLIEU,915,15,34,https://pbs.twimg.com/profile_images/976422845818400769/91ieMjuZ_400x400.jpg
309,957085496634560512,n·∫Øng ch√≥i chang üåû,bancuasang,6547,582,77,https://pbs.twimg.com/profile_images/1233017379145179136/tIb1Qg9I_400x400.jpg
310,1245722131796602883,Thun Viet,Thun_viet,10,129,13,https://pbs.twimg.com/profile_images/1245733095937982480/-uN8oXis_400x400.jpg
311,1182839513384509440,Phaolo Thi√™m,PhaoloThiem,73,206,8,https://pbs.twimg.com/profile_images/1182841344777015297/Q12ohCR0_400x400.jpg
312,1120723783277531136,Anirudha Vahadane,AnirudhaVahada2,44,25,1,https://pbs.twimg.com/profile_images/1226899840195424259/l_dtKY14_400x400.jpg
313,1172423909070630917,nguyenngoccanh,ngoccanh1967,268,2,1,https://pbs.twimg.com/profile_images/1172424047059075074/GuY_wgfM_400x400.jpg
314,1935069090,Chocobo11,XzonidotCom,1063,86,966,https://pbs.twimg.com/profile_images/475019838012682240/qylLN-Yu_400x400.jpeg
315,1145160452105617408,FPT Telecom HCM,fpttelecomhcmvn,157,25,4,https://pbs.twimg.com/profile_images/1175986437704937474/RCVUc60k_400x400.jpg
316,745153979605098496,ActionCOACH-IQS,hocviendichvu,738,24,15,https://pbs.twimg.com/profile_images/1133571502857695237/oNoKk8s9_400x400.png
317,1245902251714990081,Phuongdonghalong,inphuongdong,8,161,6,https://pbs.twimg.com/profile_images/1245903169571282944/XvNrKETB_400x400.jpg
318,1178129772368420864,hamubay,hamubay,39,16,5,https://pbs.twimg.com/profile_images/1217670241578147840/y2m0T0I4_400x400.jpg
319,1961910733,ƒê·ªó Hoa,ShmilyVl,40,2,0,https://pbs.twimg.com/profile_images/1214231933393096704/EAjC3dgv_400x400.jpg
320,24860663,Char Cruz,Char_Cruz,13913,1354,987,https://pbs.twimg.com/profile_images/476725418045620224/XDt-Q49I_400x400.jpeg
321,721711157229146112,HƒÉn üå∏üôÜ‚Äç‚ôÄÔ∏è,rawcarrotz,82983,1087,120,https://pbs.twimg.com/profile_images/1240680309898620929/qtoRH0ju_400x400.png
322,1167258825616838658,moitruonghopnhat,moitruonghopnh1,676,24,2,https://pbs.twimg.com/profile_images/1167259326605475842/GssT_YS__400x400.jpg
323,1243119885695234048,LIA Du h·ªçc ngh·ªÅ ƒëi·ªÅu d∆∞·ª°ng CHLB ƒê·ª©c,LIA_dhndd,3,1,2,https://pbs.twimg.com/profile_images/1243119962472026112/vEoia3P5_400x400.jpg
324,1229983254339448833,cdydtphcm20,cdydtphcm20,120,22,7,https://pbs.twimg.com/profile_images/1229983598226227200/8DWc9pNd_400x400.jpg
325,135357010,shygirl,itzme_ako,99073,157,1833,https://pbs.twimg.com/profile_images/1127585779922931713/MElLAFCR_400x400.jpg
326,632242770,TK TECH,congnghetk,2402,241,147,https://pbs.twimg.com/profile_images/2385630347/LogoTKLeft_Nho_400x400.png
327,2653354470,Trung t√¢m d·∫°y thi·∫øt k·∫ø n·ªôi th·∫•t AWE,AWEdaythietkent,61,9,16,https://pbs.twimg.com/profile_images/489717356122222592/a-zVhVPH_400x400.jpeg
328,1077742209951100928,Vnexpress,mewin2888,1097,183,33,https://pbs.twimg.com/profile_images/1132201939700051968/7y31qF_e_400x400.png
329,1246635183731695617,tanhoangthe,tanhoangthe1,10,1,1,https://pbs.twimg.com/profile_images/1247851153309593601/9mGxnIaP_400x400.jpg
330,762865952161542144,Sanitizer üò∑,Mirhakhaaan,2936,6,5434,https://pbs.twimg.com/profile_images/1248863991906041861/ynfqLfj3_400x400.jpg
331,1158208368776843264,K·∫øt c·∫•u th√©p nh√† th√©p ti·ªÅn ch·∫ø ƒê·∫°i D≈©ng,ketcauthepddc,148,818,199,https://pbs.twimg.com/profile_images/1158547542742691840/sdFr2WVQ_400x400.jpg
332,1242734714508591105,Dubaotiente.com,Dubaotiente,112,7,6,https://pbs.twimg.com/profile_images/1243010569038213120/OWsd-gQ4_400x400.jpg
333,427312426,nguoiphattu.com,Nguoiphattunews,2418,1921,1558,https://pbs.twimg.com/profile_images/378800000460766452/0f3c0e920c152dc8a2b066ea1e511800_400x400.jpeg
334,4891782253,Suri du,duongbichljb,3268,472,33,https://pbs.twimg.com/profile_images/1193156932053266439/CCGdW4TF_400x400.jpg
335,1085138659987226624,„Åø„ÅØ„Çã,Yichannnnn,1359,153,19,https://pbs.twimg.com/profile_images/1248963331769024513/FvBsU5O5_400x400.jpg
336,1177563981495488512,Th·ª±c ph·∫©m C√Å V√ÄNG,thucphamcavang,274,21,1,https://pbs.twimg.com/profile_images/1178606471723925507/CT9Eh3i6_400x400.jpg
337,1017913892809265152,anne,winqis,12424,485,700,https://pbs.twimg.com/profile_images/1248344550843637760/0mC46lte_400x400.jpg
338,309185535,E.T.,elcin__es,704626,3747,8170,https://pbs.twimg.com/profile_images/1249271361970884608/xCI8Hskw_400x400.jpg
339,1055019916389171201,Thuyloi University,Daihocthuyloihn,378,1,16,https://pbs.twimg.com/profile_images/1233209202711003136/6_Vhrk-m_400x400.jpg
340,1182875012807610368,congtydinhcuBSOP,congtydinhcu,241,51,11,https://pbs.twimg.com/profile_images/1182875083984916480/3s0VvDyr_400x400.jpg
341,1337943463,Tr·∫ßn Ch∆∞∆°ng,tranchuong07,3738,171,31,https://pbs.twimg.com/profile_images/975933916082155520/2mZ-z5tW_400x400.jpg
342,949914523275730945,Ng·ªçc T√¢m,NTamNgoc,33,268,33,https://pbs.twimg.com/profile_images/1247753416731807744/V-_HzbZo_400x400.jpg
343,37634393,Minh Le,minhminh89,2188,80,75,https://pbs.twimg.com/profile_images/459895057357627392/2VSMfSQm_400x400.jpeg
344,231293653,QTSC,QTSC,1362,163,101,https://pbs.twimg.com/profile_images/1247051575840788481/IdvlOJDX_400x400.jpg
345,1168941928592883713,QU√ÇN NG·ªåC,QUNNGC2,180,8,2,https://pbs.twimg.com/profile_images/1193987803039719424/6QvDbYMQ_400x400.jpg
346,48771753,MC VI·ªÜT TH·∫¢O,mcvietthao,30579,1707,2942,https://pbs.twimg.com/profile_images/1093170002667044869/SzMEWeD7_400x400.jpg
347,1052750094930300928,√âp K√≠nh V≈©ng T√†u Ho√†ng Ki·ªÅu,HoangKieuMobile,459,45,16,https://pbs.twimg.com/profile_images/1056110711594598400/bnpzEfQB_400x400.jpg
348,1006383764824453120,CƒÉn h·ªô Akari City,canhoakaricity,370,58,26,https://pbs.twimg.com/profile_images/1006384792781258752/7IBx3SYR_400x400.jpg
349,3037491804,L√Ω Th√°i Ho√†ng,henvadan1970,30697,136,256,https://pbs.twimg.com/profile_images/1119257404774871040/6wT6Civa_400x400.jpg
350,837988134,RACHAASURESH,rachaasuresh,607,789,179,https://pbs.twimg.com/profile_images/474796252152881155/1uWvG14J_400x400.jpeg
351,1070618719674462209,K.C.Property PLC.,KCProperty1,294,277,48,https://pbs.twimg.com/profile_images/1206861618694328320/zqpmonSI_400x400.jpg
352,1136719132932444161,Cheese l√† m·∫π c·ªßa Tannie üòè,taechii95,22882,893,66,https://pbs.twimg.com/profile_images/1242719075089838080/Nw9brfqs_400x400.jpg
353,1142998146689056768,songvuikhoe.vn,SongvuikhoeV,88,7,3,https://pbs.twimg.com/profile_images/1142998585954279424/yCx0k9ed_400x400.png
354,1055638427620728833,LUNA ‚Å∑,lunatruong_twt,21474,876,2196,https://pbs.twimg.com/profile_images/1238828748666834945/nroE_Wa8_400x400.jpg
355,814996032882774016,Ecoffee.vn,trinhhp273,1933,27,11,https://pbs.twimg.com/profile_images/1233604401018785792/LfRFGkPF_400x400.jpg
356,827737974137708544,nguoibinhthuongbryan,bryanznguyenz,205,99,55,https://pbs.twimg.com/profile_images/827746257154117632/ZmPAoifP_400x400.jpg
357,3248811894,City of Milpitas,MilpitasCityGov,1413,23,715,https://pbs.twimg.com/profile_images/611566467914469377/siCwV9kt_400x400.jpg
358,1234366141272743936,TopFoodTV,TopfoodT,63,605,54,https://pbs.twimg.com/profile_images/1238078982131560455/70tE3f2a_400x400.jpg
359,1215178375716691968,Di·ªÖm Ph∆∞∆°ng „Ä∞Ô∏è Katt,PhuongKatt,7,34,7,https://pbs.twimg.com/profile_images/1242192698531934208/DvsebUTu_400x400.jpg
360,399208594,Wangyal,LhaWangyal,867,327,63,https://pbs.twimg.com/profile_images/487094802740019200/lJanBcig_400x400.jpeg
361,786462140760674304,NGUYEN Ho Bac,Hobacnguyen,546,117,7,https://pbs.twimg.com/profile_images/1068154997240553472/yuxO8G_q_400x400.jpg
362,1232122403305615360,DuongVu,DuongVu74941480,5,94,1,https://pbs.twimg.com/profile_images/1232122804524314631/ar-IgnaT_400x400.jpg
363,57392089,Juan Inoriza,jinoriza,1001,2,21,https://pbs.twimg.com/profile_images/570013736010661888/YZypop7-_400x400.jpeg
364,1081933528537821186,‚ú¶hnhungmai‚ú¶,HongNhungMai1,2131,291,20,https://pbs.twimg.com/profile_images/1248532076304859138/qor3J_Qw_400x400.jpg
365,279652959,Share to Learn .net,sharetolearnnet,248,31,19,https://pbs.twimg.com/profile_images/640965362675089408/8ZomqHD0_400x400.jpg
366,36110921,Eureka! Uni,Eureka_vn,459,1591,265,https://pbs.twimg.com/profile_images/1230898319720714240/2AOrCglV_400x400.jpg
367,1014865400994123782,C√°nh ƒê·ªìng Mu·ªëi Bangtan‚Å∑,CDMBTS_twt,8122,77,9710,https://pbs.twimg.com/profile_images/1157166172804018176/G7LC9eXS_400x400.jpg
368,1007687238,Cafeland,comingnv,2199,17,1643,https://pbs.twimg.com/profile_images/1238454886347321345/VSlivZqE_400x400.jpg
369,1219972877186764800,APOCALYPSE,MinhThanh206,2577,120,34,https://pbs.twimg.com/profile_images/1220737851114942470/psaJnrGR_400x400.jpg
370,1157514846138556417,Jjallangƒê√¥ngl√†o,_imnatt_,2974,233,15,https://pbs.twimg.com/profile_images/1247268270077440000/as6MIycZ_400x400.jpg
371,1227939167587328000,I.C.E,hung97090081,17,134,36,https://pbs.twimg.com/profile_images/1234580116010762240/3Y3d9g9j_400x400.jpg
372,2903159798,Nguyen Tu,nguyentubtp,114,3,7,https://pbs.twimg.com/profile_images/534518351700062209/Jo1GfZ-3_400x400.jpeg
373,970924236817575936,cha,iwtbyl__,6956,94,10,https://pbs.twimg.com/profile_images/1146805223219814400/7G31kBeA_400x400.jpg
374,957550548512776192,hi·ªán th√¢n irl c·ªßa Ishigami,thighslover420,3001,340,61,https://pbs.twimg.com/profile_images/1247489296560312320/nWkciNU-_400x400.jpg
375,1215539086494060545,B·ªùm H∆∞ H·ªèng,khang21056565,62,155,117,https://pbs.twimg.com/profile_images/1215539417944690690/1q8jETl2_400x400.jpg
376,2307556567,German Embassy Hanoi,GermanyinHanoi,1687,169,16019,https://pbs.twimg.com/profile_images/930292505794564096/rGBCF_hk_400x400.jpg
377,1179699903095812097,YouMedVN,youmedvn,127,0,0,https://pbs.twimg.com/profile_images/1179774418655924230/3NC407WJ_400x400.jpg
378,1131802669197144064,GN üçëüíöüíöüíöüíöüíöüíöüíöüíöüíöüíö,WishGia,47389,616,548,https://pbs.twimg.com/profile_images/1245243081579884544/_rD7WP1b_400x400.jpg
379,823794179247513600,Busan seagull 191997,kookie_my_life,35016,6835,7027,https://pbs.twimg.com/profile_images/1208130479645347840/2SndUhTA_400x400.jpg
380,3134918251,XSMB-XSMN-K·∫øt qu·∫£ x·ªï s·ªë,xsmbxsmn,42,118,8,https://pbs.twimg.com/profile_images/1232594847262883841/THeaLY3F_400x400.jpg
381,380925974,HTK SHOP,QuynhThyUniform,3133,1915,3040,https://pbs.twimg.com/profile_images/480278015939584001/cD9ZdRNt_400x400.jpeg
382,986996053621686272,T·∫≠p ƒêo√†n C√° Mu·ªëi Bangtan ‚Å∑,TDCMBTS,5236,16,9003,https://pbs.twimg.com/profile_images/1245379026195079168/vLMLulfs_400x400.jpg
383,997282794,CVL STEEL CONDUIT,CVLSteelconduit,4053,46,120,https://pbs.twimg.com/profile_images/776070807864782849/7EU_taO2_400x400.jpg
384,1204071058296295424,MediQueen,Mediqueen3,16,1,0,https://pbs.twimg.com/profile_images/1204071445782884354/GLvTmUjV_400x400.jpg
385,133340266,amyourmoon ‚òæ,jj_is_janjao,225864,750,1511,https://pbs.twimg.com/profile_images/1247532688199704577/ay8hft9S_400x400.jpg
386,3085659232,OnEdu,OnEdu_Vn,1559,1878,209,https://pbs.twimg.com/profile_images/1247435826373378049/_7tOFW2q_400x400.jpg
387,27844080,OCEAN TV VIETNAM,Oceantvvietnam,9553,254,423,https://pbs.twimg.com/profile_images/1245912326403850241/nleeGOSD_400x400.jpg
388,1198634947730276352,Lexus ThƒÉng Long,long_lexus,21,0,0,https://pbs.twimg.com/profile_images/1198635681964163072/S0nvr_c3_400x400.jpg
389,90833754,Le van Dung,kydungs,7825,70,59,https://pbs.twimg.com/profile_images/1233383944793382912/YUDzb7d6_400x400.jpg
390,1187761464813084677,chizhovigor2014,chizhovigor2014,13,35,5,https://pbs.twimg.com/profile_images/1187765277158543360/wWc8uUgT_400x400.jpg
391,1243495468795035654,üá∞üáº wonder,khaled_al3tibii,161,193,38,https://pbs.twimg.com/profile_images/1248524820435726337/_QkOr5MM_400x400.jpg
392,205769424,ü¶ÅùíåùíäùíÉùíåùíÇùíÇùíÉ,Choltikarn_T,44087,327,175,https://pbs.twimg.com/profile_images/1213871745850990592/hO-cbAET_400x400.jpg
393,1244596321723400192,Tr·∫ßn Qu·ªëc Th·ªëng,TrnQucT37904586,42,7,0,https://pbs.twimg.com/profile_images/1244596644634484736/uR2n_Dte_400x400.jpg
394,1546463412,Du l·ªãch Th√°i Lan,dulichthailan82,10107,180,567,https://pbs.twimg.com/profile_images/693703546445795328/YfxcTplq_400x400.jpg
395,2611104926,üéÇ,aprlyziae,121318,572,153,https://pbs.twimg.com/profile_images/1249180923033260042/WWwuYaZd_400x400.jpg
396,1247383591740297218,lekavietnam,lekavietnam,1,23,1,https://pbs.twimg.com/profile_images/1247384341111422979/65mgSV0i_400x400.jpg
397,1062920760,DUCO News - Tin T·ª©c Tin Nhanh,couponcodeca,51,486,58,https://pbs.twimg.com/profile_images/1214922921447247872/YC3RYOPf_400x400.png
398,974166224,Seattle Office of Immigrant and Refugee Affairs,iandraffairs,5704,1171,2453,https://pbs.twimg.com/profile_images/1175194446377304064/j9MD1hIl_400x400.png
399,1207195593589710848,"KOSEI International CO.,LTD",kosei34527036,75,2,1,https://pbs.twimg.com/profile_images/1207196056527654912/KDxLx8-6_400x400.jpg
400,1008124777,skyhoel,skyhotelonline,1717,36,281,https://pbs.twimg.com/profile_images/417859318210256897/Lf6Il8dM_400x400.png
401,392681346,Enigmatic,EnigmaticTD,12639,16,102,https://pbs.twimg.com/profile_images/1186667237530189824/VQ02Ts0-_400x400.jpg
402,293319496,Qu·∫£n Tr·ªã M·∫°ng,QuanTriMangVN,46341,20,405,https://pbs.twimg.com/profile_images/875200308942692353/fGpPhl4n_400x400.jpg
403,1246696059578937345,VonPreen,vonpreen,17,45,3,https://pbs.twimg.com/profile_images/1246697438905163776/LAqQGCE0_400x400.jpg
404,1199857340956069888,Haily Shop,Hailyshop,46,10,0,https://pbs.twimg.com/profile_images/1199857625728290817/jqwDMVdC_400x400.jpg
405,1189741204616798209,Tri·ªáu M·∫´n,Hu18562240,255,278,15,https://pbs.twimg.com/profile_images/1209696339015036929/lja_5xU9_400x400.jpg
406,3816433580,G√°i G·ªçi Thanh L√¢u,thanhlauxxx,430,47,17820,https://pbs.twimg.com/profile_images/651816120312197120/WEDx76Vu_400x400.jpg
407,1087195126554718208,hoang nam,hoangna54131277,3226,139,102,https://pbs.twimg.com/profile_images/1087195254875250689/Tquom-CG_400x400.jpg
408,131788002,Nguy·ªÖn Anh Tu·∫•n,CoviFood,58,36,54,https://pbs.twimg.com/profile_images/1248924770046861312/eUHuWrdD_400x400.png
409,484092061,O R D N A L A M,djmarcusgomes,16572,633,712,https://pbs.twimg.com/profile_images/1234955560832978944/FzxfaBnY_400x400.jpg
410,3235252604,C√¥ng ty Anh & Em,ctyanhem,4939,238,38,https://pbs.twimg.com/profile_images/1007674059163746305/QfAht_Dw_400x400.jpg
411,702692824014172160,Nh√† ƒê·∫•t Khu ƒê√¥ng,nhadatkhudongsg,7422,1611,1218,https://pbs.twimg.com/profile_images/897137953629024256/VZYa_WQl_400x400.jpg
412,2224393806,TieuLongFX,TieuLongFX,17555,3,970,https://pbs.twimg.com/profile_images/1244099602539622400/UlSeQhba_400x400.jpg
413,948065397198036993,"Harry Nguyen Van Huong, PhD",nguyenv40335407,20,1,10,https://pbs.twimg.com/profile_images/948068442313179136/6r92fKet_400x400.jpg
414,94811252,ÿπ ÿ® ÿØ ÿßŸÑŸÑŸá ÿ¢ ŸÑ ŸÖ ÿµ ŸÑ ÿ≠,AASQahtani,7698,372,935,https://pbs.twimg.com/profile_images/1219620668075118594/RVugk8a9_400x400.jpg
415,124455872,City of Boston,CityOfBoston,19857,456,321912,https://pbs.twimg.com/profile_images/823906698897330177/H_6xVFoF_400x400.jpg
416,321480096,M√≠che√°l √ì M√°irt√≠n,claonadh15,3716,1156,416,https://pbs.twimg.com/profile_images/1089954734914633728/ciRku0U4_400x400.jpg
417,870535057,Austin Public Health,AusPublicHealth,2073,562,5656,https://pbs.twimg.com/profile_images/1159849325087862784/CL6SMalw_400x400.jpg
418,261583219,HDleart,hle1352,1879,115,21,https://pbs.twimg.com/profile_images/1109316175681339393/WaQqXRyD_400x400.jpg
419,1151526854106312704,B√¥ng,uyendu_yh,640,55,112,https://pbs.twimg.com/profile_images/1245749037711515654/FGcLn_Cj_400x400.jpg
420,800400700727435264,„Öä__„Öä__üíï,_21100,62930,897,305,https://pbs.twimg.com/profile_images/1245753443152580609/50nHZcvi_400x400.jpg
421,1658453322,Kara Brem,MrsBremTweets,9657,2109,2805,https://pbs.twimg.com/profile_images/1070862444334120961/uEHheFYg_400x400.jpg
422,72886370,BINH NGUYEN,binhhdbk,67,185,68,https://pbs.twimg.com/profile_images/1241414327732592640/ADUAHnZk_400x400.jpg
423,875208455287578624,Rahul_Numberdar,RahulKu71633188,132,56,9,https://pbs.twimg.com/profile_images/1229105386793267200/iQSbUWHz_400x400.jpg
424,609218451,Anees Ur Rehman,Starrey_Mashey,6278,509,366,https://pbs.twimg.com/profile_images/1235994238506143744/nAXkO-WT_400x400.jpg
425,1244733048639369220,'Dapo Adelegan F.IoD,dpadelegan,22,14,45,https://pbs.twimg.com/profile_images/1244734910390304768/opbdI7Y4_400x400.jpg
426,1333912482,‚ô† TAOrus BOY ‚ô†,TAOrusBOY_VN,13552,239,2851,https://pbs.twimg.com/profile_images/1123861528577486848/UQ7PswOh_400x400.png
427,1464344942,Nguyen Hai Manh,haimanhit,283,25,87,https://pbs.twimg.com/profile_images/828237138160349184/sGS2sATO_400x400.jpg
428,436552958,Journalist Sai,saisatya14,12084,96,2283,https://pbs.twimg.com/profile_images/620275784675004416/pSUiJOQZ_400x400.jpg
429,1102532374728830977,Park Changmin,ParkChi22862705,380,541,23,https://pbs.twimg.com/profile_images/1240207353737138176/m0PkipnD_400x400.jpg
430,966554333121691654,Hoa Trinh üáªüá≥,hoatrinh462,277,35,16,https://pbs.twimg.com/profile_images/1220857971451682816/N8x0lXh5_400x400.jpg
431,1015571647774928897,Min SuGa,MyMy2972001,3569,314,136,https://pbs.twimg.com/profile_images/1249517315202248709/jj22coz6_400x400.jpg
432,1168113212664893440,H·∫£i ( Deejay TreoHp ),hi15387400,613,885,88,https://pbs.twimg.com/profile_images/1246644169717645317/CRZN-wgc_400x400.jpg
433,765729736085508096,lonely heartüê£üíö,lonelyheart1311,33817,141,198,https://pbs.twimg.com/profile_images/1213088352611622912/U0Mh-jwJ_400x400.jpg
434,1239806283965812738,measuring and testing TTECH,VTruong0212,15,0,0,https://pbs.twimg.com/profile_images/1239807010087952384/CJFw-nBb_400x400.jpg
435,64326632,Project RENEW,projectrenew,641,809,719,https://pbs.twimg.com/profile_images/973768324042625025/zFzpPIN9_400x400.jpg
436,14657399,Hien Ngo,hienxuanngo,738,593,396,https://pbs.twimg.com/profile_images/973438834938540038/6yUB7f7i_400x400.jpg
437,1246604908108759040,Nguy·ªÖn T·∫•n L·ª±c,TanLuc_Vnetmic,5,24,0,https://pbs.twimg.com/profile_images/1248154771141169152/4H2O9kr9_400x400.jpg
438,2921075372,Suten Nguyen,sutennguyen,323,93,5,https://pbs.twimg.com/profile_images/1153172750820872192/kYTKaCLp_400x400.jpg
439,48140636,Quy NGUYEN DAI üáßüá™üò∑,vnpenguin,2457,188,90,https://pbs.twimg.com/profile_images/680003094747299840/5svcd8Pv_400x400.png
440,1227545347406225408,C·ª´u Nh√¢y X√†m...Yun‚Å∑üêëüåµI want to be a cool girlüêøÔ∏è,YunArmy17,7385,490,506,https://pbs.twimg.com/profile_images/1249517903872811009/-oejs2zH_400x400.jpg
441,1224164098625003525,Ng√¥ Minh Nh√†n,NgMinhNhn7,3,7,0,https://pbs.twimg.com/profile_images/1246959322623406080/whU_znhS_400x400.jpg
442,1637455194,V≈©,DautramConYeu3,2944,138,24,https://pbs.twimg.com/profile_images/1200053430212935680/cR_AJRdB_400x400.jpg
443,1244951593968996353,chuyengiacacuo1,chuyengiacacuo1,13,8,1,https://pbs.twimg.com/profile_images/1244951912782237697/Yl_96eh8_400x400.jpg
444,2389399178,respect renjun ‚ù§Ô∏èü¶ä,benbenrourou,8496,1008,22,https://pbs.twimg.com/profile_images/1229023751347429376/LJeNPCKY_400x400.jpg
445,1247098727925288960,Ng√¥ Quang T√πng,NgQuangTng19,2,3,1,https://pbs.twimg.com/profile_images/1247102114259562496/JWYa_px8_400x400.jpg
446,1193233047237226496,Hung Thinh Writer t·∫°i Soikeoeuro.com,HungThi66221333,141,22,5,https://pbs.twimg.com/profile_images/1193234066562113537/_mu_l83D_400x400.jpg
447,728318383800909828,PeyamaKurd/krd,PeyamakurdKrd,7310,834,1760,https://pbs.twimg.com/profile_images/1182970250587000832/ck1fSOK-_400x400.jpg
448,1218770365360402432,dbc news,foxsportsvn1,82,81,6,https://pbs.twimg.com/profile_images/1246094427111583748/68cqbkK__400x400.jpg
449,1224636509141139456,yeah1news,yeah1news,159,19,5,https://pbs.twimg.com/profile_images/1225691925472133120/pkP6oTxa_400x400.jpg
450,2889613862,daoanhdung74@gmail.c,daoanhdung74,4727,24,12,https://pbs.twimg.com/profile_images/793335550145130496/hV3tnIEC_400x400.jpg
451,1238469839355666433,BƒêS H∆∞ng Th·ªãnh,batdongsan29,41,31,4,https://pbs.twimg.com/profile_images/1238471628524113927/ZvBVCUjs_400x400.jpg
452,1150445172670386176,ü¶ãTomorrow will be better than today?ü¶ã,Chersangie_X1,3822,117,50,https://pbs.twimg.com/profile_images/1246834341633642497/Plo_cyQY_400x400.jpg
453,1187215941421027329,Ho√†ng Nguy√™n Pharma,PharmaHoang,32,2,1,https://pbs.twimg.com/profile_images/1187216493223669760/WDmycFL0_400x400.jpg
454,1221731852228026368,Tinh B·ªôt Bi·∫øn T√≠nh - Neo Nam Vi·ªát,StarchNeo,14,0,0,https://pbs.twimg.com/profile_images/1221733373837631488/ApPWmKSX_400x400.jpg
455,830327118248628224,jjjj_OneKissüå∫STAYHOMEüè°,Kantoon2014,23737,75,44,https://pbs.twimg.com/profile_images/1245417175671697409/7W-iSra4_400x400.jpg
456,907144729703342080,Mai Ju V-ARMY 1230 - OT7 üáªüá≥üíúüêØ,maiphuong9468,13667,298,85,https://pbs.twimg.com/profile_images/1247161286518964226/m92qVTIT_400x400.jpg
457,980664725997367296,Nguyen Thi Thuy Linh,NguyenT75040368,188,3152,996,https://pbs.twimg.com/profile_images/1181492748190306305/nSFnv6PU_400x400.jpg
458,943995532208254978,GACHERU MATERETO,gacherumatereto,8390,2207,1056,https://pbs.twimg.com/profile_images/1216234784323702784/22KcaHpm_400x400.jpg
459,1173995318041432064,Huy,imm_huy,2,134,1,https://pbs.twimg.com/profile_images/1247067935681568768/7ALcQHYC_400x400.jpg
460,1210392785611681793,EMS Corporation,phanmemnhansu,19,9,0,https://pbs.twimg.com/profile_images/1210394227315625984/MpOekSfu_400x400.jpg
461,1077807008164675584,B√≤‚Å∑üíúRock Bisonüê•You're my filter üßö‚Äç‚ôÇÔ∏è,bosua1212,14135,867,613,https://pbs.twimg.com/profile_images/1230431387611586565/bvnSJsoe_400x400.png
462,1240645615329165312,Scope Markets Vi·ªát Nam,ScopeMarkets_VN,31,6,15,https://pbs.twimg.com/profile_images/1240645759843868674/952Cc1xk_400x400.jpg
463,1050930983761928193,üçÇÌò∏ Ïó∞ ‚Å∑ üçÉüçÉüçÉ,phiyen2288,26890,743,3336,https://pbs.twimg.com/profile_images/1243375302161530881/ihXu6PCu_400x400.jpg
464,1101514878546669568,Monsta X -Monbebe We Are here for love‚ù§‚òòüê∞,Melody28110,1308,75,16,https://pbs.twimg.com/profile_images/1233777526163394560/lxk2m-em_400x400.jpg
465,1237646189681491968,Nguy√™n,Nguyn25285477,20,49,2,https://pbs.twimg.com/profile_images/1237646740347432961/GyoIwG3P_400x400.jpg
466,301238877,Minh Khang Agency,minhkhangagency,1538,249,94,https://pbs.twimg.com/profile_images/1210834524231200768/xMN-KtmO_400x400.jpg
467,1220141383131860992,~sunshine~üî•üçì,0103Bui,2515,109,51,https://pbs.twimg.com/profile_images/1247797647248723968/IUuxR8Ei_400x400.jpg
468,1247007387619176448,34FUN H√Ä GIANG,34funhagiang,1,72,22,https://pbs.twimg.com/profile_images/1247008516579061761/PUbb7mJ9_400x400.jpg
469,718909783223369728,cu·ªôc s·ªëng th·∫≠t tv,cuocsongthattv,2952,939,339,https://pbs.twimg.com/profile_images/1247100112129519616/rYJjoxM-_400x400.jpg
470,839060062354092032,Open Door Visa & Immigration,opendoorvisa,58,0,0,https://pbs.twimg.com/profile_images/1150469469564575744/Xkmuc9GP_400x400.jpg
471,1232532438791778304,Nam,Ma_cao_185,8,11,2,https://pbs.twimg.com/profile_images/1243810862688636928/wWUHVwCY_400x400.jpg
472,844899259220553729,Mei üåø,maiworld94,162446,151,386,https://pbs.twimg.com/profile_images/1233636943952371712/FSf815iP_400x400.jpg
473,1126061996653154305,linh‚Å∑,_vorfreude,7867,250,1134,https://pbs.twimg.com/profile_images/1245282286574227456/z8k0fK-__400x400.jpg
474,2445423817,Tuairisc.ie,tuairiscnuacht,27026,1358,10247,https://pbs.twimg.com/profile_images/917794708952420352/NVWNmAWQ_400x400.jpg
475,35727418,Yuri Burlamaqui,yuriburlamaqui,2291,1011,281,https://pbs.twimg.com/profile_images/1212044347929235457/p108thKI_400x400.jpg
476,401729063,Nguy·ªÖn Th√†nh ƒê·∫°t,datdiepcv,933,363,75,https://pbs.twimg.com/profile_images/592203582264356864/t6AnK37d_400x400.jpg
477,38403342,Teeb√©b√®,TaeSijo,60723,1173,2201,https://pbs.twimg.com/profile_images/1244683374968606730/tq1FDAyV_400x400.jpg
478,1383142356,gabriela loves anuel,gabsrbd,46310,1112,747,https://pbs.twimg.com/profile_images/1249314079702990848/cYxVI817_400x400.jpg
479,1091727844667842568,Xo√†i ƒë√£ REST,ynt019,8794,481,440,https://pbs.twimg.com/profile_images/1248661535456555016/B2oribx9_400x400.jpg
480,3288997975,PHAM THI HONG THU,PHAMHONGTHU2,11,14,21,https://pbs.twimg.com/profile_images/1211698547885608960/kPfSELCC_400x400.jpg
481,1240775525175635968,ùòÄùó∂ùóªùóÆ.,dejnert,778,614,470,https://pbs.twimg.com/profile_images/1249171105673293827/Cf7nCEFs_400x400.jpg
482,1189462289570598912,Meey invest,InvestMeey,52,1,1,https://pbs.twimg.com/profile_images/1189482646390239233/cLrQqxkn_400x400.jpg
483,186611950,Diego Ara√∫jo,diegoyaraujo,37445,1122,1306,https://pbs.twimg.com/profile_images/1231446483247017984/LSNspa3Q_400x400.jpg
484,14911067,Daddy Fela,SheriphSkills,218183,1462,5031,https://pbs.twimg.com/profile_images/1228020991311450114/7nbD5x4p_400x400.jpg
485,748076403984203776,C√¥ Z (Like Bruce Lee),bakamadmoiselle,63701,692,87,https://pbs.twimg.com/profile_images/1235142205250998272/0uAURG0p_400x400.jpg
486,342485695,·π¢√≠j√∫ad√© Ak√≠ny·∫πmiÃÅ-E·π£iÃÄlokuÃÄn,Sijax07,8037,824,341,https://pbs.twimg.com/profile_images/1161867869573005312/IDNb-mMZ_400x400.jpg
487,968139097561759745,Health Volunteers Naija,vol4healthnaija,1445,215,299,https://pbs.twimg.com/profile_images/1000593177848532992/uD7HsXtW_400x400.jpg
488,493311871,claire thomson,Cat228Claire,1995,747,402,https://pbs.twimg.com/profile_images/1241711784404402177/k5xo_VFI_400x400.jpg
