2020-06-07,"ğŸ”´ LIVE IN YOUTUBE: Tin tá»©c trá»±c tiáº¿p buá»•i sÃ¡ng á»Ÿ má»¹ 07-06-2020 
Nháº¥n vÃ o Ä‘Ã¢y Ä‘á»ƒ xem:  https://www.youtube.com/c/UNVTinBuá»•iSÃ¡ng/liveÂ â€¦
HOA Ká»² CÃC CUá»˜C BIá»‚U TÃŒNH TIáº¾P Tá»¤C TRÃŠN TOÃ€N QUá»C Vá»€ CÃI CHáº¾T Cá»¦A GEORGE FLOYD
#tintucUNVtinhbuoisang #CoronavirusOutbreak #CoronaVirusUpdates #protests pic.twitter.com/w81XBWj7g4"
2020-06-07,"Má»¹ tá»‘ cÃ¡o Trung Quá»‘c khai thÃ¡c Â« bá»‰ á»•i Â» cÃ¡i cháº¿t cá»§a ngÆ°á»i da mÃ u George Floyd  http://rfi.my/61PE.TÂ  via @RFI_Vi
O 2 QG Hongkong vÃ  Má»¹ cÃ³ 2 cuá»™c xuá»‘ng Ä‘Æ°á»ng khÃ¡c nhau, 
HK thÃ¬ chá»‘ng TC vÃ  doi TD-DC-NQ, cÃ²n á»Ÿ Má»¹ thÃ¬ xuá»‘ng Ä‘Æ°á»ng Ä‘á»ƒ cÆ°á»›p phÃ¡ tÃ i sáº£n!!!"
2020-06-07,"Má»¹ tá»‘ cÃ¡o Trung Quá»‘c khai thÃ¡c Â« bá»‰ á»•i Â» cÃ¡i cháº¿t cá»§a ngÆ°á»i da mÃ u George Floyd  http://rfi.my/61PE.TÂ  via @RFI_Vi
HÃ£y dam thang vÃ o bá»™ máº·t bi Ã´i cá»§a lu CON DO máº¥t dáº­y Ä‘cstq!!!
CÃ£m Æ¡n NgÃ i NT Pompeo!!!
Hoan hÃ´ NgÃ i TT Trump!!!
USA#1
china#10
#boycottccp"
2020-06-07,CÃ¡c tá»· phÃº Má»¹ Ä‘ang pháº£n á»©ng ra sao vá»›i nhá»¯ng cuá»™c biá»ƒu tÃ¬nh vÃ¬ George Floyd?  https://ift.tt/2UkhTfZÂ 
2020-06-07,CÃ¡c tá»· phÃº Má»¹ Ä‘ang pháº£n á»©ng ra sao vá»›i nhá»¯ng cuá»™c biá»ƒu tÃ¬nh vÃ¬ George Floyd?  https://ift.tt/2UkhTfZÂ 
2020-06-07,"NgÃ y 6/6, tá»« Paris Ä‘áº¿n Prague, má»™t sá»‘ thÃ nh phá»‘ á»Ÿ chÃ¢u Ã‚u Ä‘Ã£ diá»…n ra cÃ¡c cuá»™c biá»ƒu tÃ¬nh chá»‘ng phÃ¢n biá»‡t chá»§ng tá»™c vÃ  sá»± tÃ n báº¡o cá»§a cáº£nh sÃ¡t, sau vá»¥ cáº£nh sÃ¡t giáº¿t ngÆ°á»i Má»¹ gá»‘c Phi George Floyd á»Ÿ thÃ nh phá»‘ Minneapolis, Má»¹.  pic.twitter.com/WUrfdn7SRR"
2020-06-07,CÃ¡c tá»· phÃº Má»¹ Ä‘ang pháº£n á»©ng ra sao vá»›i nhá»¯ng cuá»™c biá»ƒu tÃ¬nh vÃ¬ GeorgeÂ Floyd?  https://goodstock.vn/cac-ty-phu-my-dang-phan-ung-ra-sao-voi-nhung-cuoc-bieu-tinh-vi-george-floyd/Â â€¦
2020-06-07,"Cáº£nh sÃ¡t London buá»™c tá»™i cÆ°á»¡i ngá»±a táº¡i nhá»¯ng ngÆ°á»i biá»ƒu tÃ¬nh George Floyd, ngÆ°á»i nÃ©m chai vÃ  BICYCLE (VIDEO) - RT UK News  https://www.rt.com/uk/491064-london-george-floyd-protests-violent-horses/Â â€¦"
2020-06-07,Má»¹ tá»‘ cÃ¡o Trung Quá»‘c khai thÃ¡c Â« bá»‰ á»•i Â» cÃ¡i cháº¿t cá»§a ngÆ°á»i da mÃ u George Floyd  https://rfi.my/61PF.tÂ  pic.twitter.com/QMF0m5LtLu
2020-06-07,"ÄÃ i tÆ°á»Ÿng niá»‡m Winston Churchill bá»‹ phÃ¡ hoáº¡i vÃ o ngÃ y ká»· niá»‡m D-Day trong cuá»™c biá»ƒu tÃ¬nh cá»§a George Floyd á»Ÿ London (VIDEO, áº¢NH) - RT UK News  https://www.rt.com/uk/491059-churchill-vandalized-d-day-george-floyd-protests/Â â€¦"
2020-06-07,"LÃ n sÃ³ng biá»ƒu tÃ¬nh chá»‘ng phÃ¢n biá»‡t chá»§ng tá»™c lan kháº¯p tháº¿ giá»›i sau cÃ¡i cháº¿t cá»§a George Floyd
 http://kinhtedothi.vn/lan-song-bieu-tinh-chong-phan-biet-chung-toc-lan-khap-the-gioi-sau-cai-chet-cua-george-floyd-386372.htmlÂ â€¦
 https://sunshinecity-saigon.com/Â  â€¦ https://du-an-sunshine-city-saigon.business.site/Â  https://www.google.com/maps?cid=906951923398546739Â â€¦"
2020-06-07,"A George Floyd picture posted on May 17th?? I thought he died on May 25th?

DÌÍŠÌÌ€Í ÍÃ¶ÌÌ¾Ì€Ì“Ì€ÍŠiÍ’ÍŒÌ’ÌšÍ tÌ“Ì¾Ì“Ì€ÌˆÌÍQÌÌˆÌÍŒÌˆÌÌ¿Í"
2020-06-07,Anh trai George Floyd sáº½ lÃ m chá»©ng trÆ°á»›c quá»‘c há»™i #news https://ift.tt/3dGY0r0Â 
2020-06-07,Máº¡ng xÃ£ há»™i thay avatar Ä‘en tÆ°á»Ÿng nhá»› GeorgeÂ Floyd  https://tinviet360.com/index.php/2020/06/07/mang-xa-hoi-thay-avatar-den-tuong-nho-george-floyd/Â â€¦
2020-06-07,HÃ¬nh áº£nh trÃªn tháº¿ giá»›i: CÃ¡c cuá»™c biá»ƒu tÃ¬nh cho George Floyd khi lockdown...  https://youtu.be/t1GSAB45-wsÂ  via @YouTube
2020-06-07,"Vá»¥ George Floyd vÃ  chÃ­nh trá»‹ nÆ°á»›c Má»¹ - BBC News Tiáº¿ng Viá»‡t
 https://www.youtube.com/watch?v=NETfNIsu360Â â€¦"
2020-06-07,Ná»—i tuyá»‡t vá»ng cá»§a phong trÃ o biá»ƒu tÃ¬nh vÃ¬ George Floyd - VnExpress  https://bit.ly/2Y1xd29Â 
2020-06-07,"CÃ¡c cuá»™c biá»ƒu tÃ¬nh cá»§a George Floyd trá»Ÿ vá» nhÃ  cá»§a ngÃ nh cÃ´ng nghá»‡ - TechCrunch

 https://www.tinmoiz.com/cac-cuoc-bieu-tinh-cua-george-floyd-tro-ve-nha-cua-nganh-cong-nghe-techcrunch-357054/?_unique_id=5edbdd53bf549Â â€¦"
2020-06-07,"Fox News xin lá»—i vÃ¬ Ä‘á»“ há»a tÄƒng giÃ¡ cá»• phiáº¿u sau khi George Floyd, MLK cháº¿t

 https://www.tinmoiz.com/fox-news-xin-loi-vi-do-hoa-tang-gia-co-phieu-sau-khi-george-floyd-mlk-chet-357044/?_unique_id=5edbd892982ecÂ â€¦"
2020-06-07,à¤«à¥ˆà¤•à¥à¤Ÿ à¤šà¥‡à¤•: à¤¸à¤¡à¤¼à¤• à¤ªà¤° à¤²à¥‡à¤Ÿà¤•à¤° à¤•à¤¿à¤¸ à¤•à¤°à¤¤à¥‡ à¤•à¤ªà¤² à¤•à¥€ à¤¤à¤¸à¥à¤µà¥€à¤° à¤•à¤¾ à¤¯à¥‡ à¤¹à¥ˆ à¤¸à¤š â€“ Fact check this picture of couple kissing was not taken during george floydÂ protests  https://inhindinews.com/%e0%a4%ab%e0%a5%88%e0%a4%95%e0%a5%8d%e0%a4%9f-%e0%a4%9a%e0%a5%87%e0%a4%95-%e0%a4%b8%e0%a4%a1%e0%a4%bc%e0%a4%95-%e0%a4%aa%e0%a4%b0-%e0%a4%b2%e0%a5%87%e0%a4%9f%e0%a4%95%e0%a4%b0-%e0%a4%95%e0%a4%bf/Â â€¦
2020-06-06,Vá»¥ George Floyd vÃ  lÃ¡ bÃ i láº­p láº¡i tráº­t tá»± cá»§a Donald Trump trong báº§u cá»­  https://youtu.be/esGi0pn0HHIÂ  qua @YouTube
2020-06-06,"TÆ°Æ¡ng quan giá»¯a George Floyd, cÃ¡c chá»§ nghÄ©a da tráº¯ng Æ°u viá»‡t, tÆ° báº£n, thá»±c dÃ¢n vÃ  MÃ¡c-LÃª  http://ow.ly/75hK30qNgCjÂ  #Vietnam #Saigon #Hanoi #hcmc #blogger #tinnongvn"
2020-06-06,'ChÃºng tÃ´i sáº½ Ä‘Æ°a báº¡n ra khá»i NhÃ  Tráº¯ng': NhÃ  vÃ´ Ä‘á»‹ch NBA gá»­i cáº£nh bÃ¡o tá»›i Trump trong bá»‘i cáº£nh cuá»™c biá»ƒu tÃ¬nh cá»§a George Floyd - RT USA News  https://www.rt.com/usa/491031-jackson-trump-floyd-protests/Â â€¦
2020-06-06,"Cuá»™c biá»ƒu tÃ¬nh cá»§a George Floyd lÃ  'vÃ¬ lá»£i Ã­ch' cá»§a 'cÃ¡c cuá»™c Ä‘áº¥u tranh dÃ¢n chá»§' á»Ÿ nÆ°á»›c ngoÃ i - nhÃ³m NED cá»§a Hoa Ká»³, Ä‘Æ°á»£c biáº¿t Ä‘áº¿n vá»›i viá»‡c thÃºc Ä‘áº©y thay Ä‘á»•i cháº¿ Ä‘á»™ - RT USA News  https://www.rt.com/usa/491008-ned-endorses-protests-regime-change/Â â€¦"
2020-06-06,George Floyd vÃ  ngÆ°á»i da Ä‘en á»ŸÂ Má»¹  https://vietvalley.com/george-floyd-va-nguoi-da-den-o-my/Â â€¦
2020-06-06,NgÆ°á»i biá»ƒu tÃ¬nh mang theo áº£nh George Floyd - áº¢nh: APTÃ´i Ä‘á»‹nh vá»‹ mÃ¬nh lÃ  má»™t ngÆ°á»i Ã vÃ  ngÆ°á»i chÃ¢u Ã. TÃ´i vá»«a lÃ  ngÆ°á»i Má»¹ vá»«a lÃ  ngÆ°á»i Ã. TÃ´i lÃ  ngÆ°á»i da tráº¯ng.TÃ´i  https://bit.ly/3eQW53eÂ 
2020-06-06,NgÃ nh cÃ´ng nghiá»‡p trÃ² chÆ¡i George Floyd Pháº£n á»©ng: Nhá»¯ng gÃ¬ cÃ¡c cÃ´ng ty Ä‘Ã£ nÃ³i  https://ift.tt/3eYEw1cÂ 
2020-06-06,Trump hy vá»ng George Floyd â€˜nhÃ¬n xuá»‘ng Má»¹ tá»« thiÃªnÂ Ä‘Æ°á»ngâ€™  https://vietvalley.com/trump-hy-vong-george-floyd-nhin-xuong-my-tu-thien-duong/Â â€¦
2020-06-06,"BTS love all of them. ARMY love them too.  Táº¥t tháº£y nhá»¯ng ngÆ°á»i da Ä‘en trÃªn tháº¿ giá»›i nÃ y Ä‘á»u xá»©ng Ä‘Ã¡ng Ä‘Æ°á»£c Ä‘á»‘i xá»­ cÃ´ng báº±ng vÃ  vÄƒn minh.
#BTS
#BlackLivesMatter
#GeorgeFloyd  pic.twitter.com/rU1mdZJsjc"
2020-06-06,NgÆ°á»i Má»¹ gá»‘c Viá»‡t: BÃªnh vÃ  chá»‘ng biá»ƒu tÃ¬nh vá»¥ George Floyd? | Äá»— DzÅ©ng x...  https://youtu.be/orxpcCNsy3AÂ  qua @YouTube
2020-06-06,"NgÆ°á»i phá»¥ ná»¯ bá»‹ cáº£nh sÃ¡t sá» ngá»±c vÃ  táº¥n cÃ´ng thÃ´ báº¡o báº±ng dÃ¹i cui.  #GeorgeFloyd
 https://motthegioi.vn/goc-video-c-216/clip-canh-sat-sam-so-va-cam-dui-cui-danh-phu-nu-da-man-139208.htmlÂ â€¦"
2020-06-06,Máº¡ng xÃ£ há»™i dáº­p táº¯t â€œThá»­ thÃ¡ch GeorgeÂ Floydâ€  https://ngon24h.wordpress.com/2020/06/06/mang-xa-hoi-dap-tat-thu-thach-george-floyd/Â â€¦
2020-06-06,"Joe Biden quá»³ gá»‘i trong tang lá»… George Floyd.

HÃ£y nhá»› láº¥y Ä‘iá»u nÃ y nhÃ© Joe: 

Tá»•ng thá»‘ng Má»¹ khÃ´ng bao giá» quá»³ xuá»‘ng trÆ°á»›c báº¥t cá»© ai, ngoÃ i ThiÃªn ChÃºa. 

VÃ  Ã´ng sáº½ khÃ´ng bao giá» Ä‘Æ°á»£c lÃ  Tá»•ng thá»‘ng.  pic.twitter.com/W3u0H3n7hw pic.twitter.com/jh69E1Hwft"
2020-06-06,Minneapolis cáº¥m cáº£nh sÃ¡t káº¹p cá»• dÃ¢n sau cÃ¡i cháº¿t cá»§a George Floyd  https://vtc.vn/thoi-su-quoc-te/minneapolis-cam-canh-sat-kep-co-dan-sau-cai-chet-cua-george-floyd-ar550469.htmlÂ â€¦
2020-06-06,"George Floyd : I can' breath.
à¸«à¸²à¸¢à¹ƒà¸ˆà¹„à¸¡à¹ˆà¸­à¸­à¸ ğŸ¤”ğŸ¤”ğŸ¤”"
2020-06-06,"Bá»‹ báº¯t, Ä‘uá»•i há»c vÃ¬ trÃ o lÆ°u chá»¥p áº£nh báº¯t chÆ°á»›c vá»¥ GeorgeÂ Floyd  https://quatviet.com/tin-tuc-moi/ http-vietnamnet-vn-vn-cong-nghe-cong-dong-mang-bi-bat-duoi-hoc-vi-trao-luu-chup-anh-bat-chuoc-vu-george-floyd-646832-html.html/Â â€¦"
2020-06-06,"Joe Biden quá»³ gá»‘i trong tang lá»… George Floyd.

HÃ£y nhá»› láº¥y Ä‘iá»u nÃ y Joe: Tá»•ng thá»‘ng Má»¹ khÃ´ng bao giá» quá»³ xuá»‘ng trÆ°á»›c ai ngoÃ i ThiÃªn ChÃºa. VÃ  Ã´ng sáº½ khÃ´ng bao giá» lÃ  Tá»•ng thá»‘ng.  pic.twitter.com/NnloXiAXb6"
2020-06-06,"á»¦ng há»™ George Floyd, Fear of God tung collab siÃªu to khá»•ng lá»“ cÃ¹ng OFF-WHITE vÃ  7 thÆ°Æ¡ng hiá»‡u khÃ¡c .
ToÃ n bá»™ sá»‘ tiá»n tá»« viá»‡c phÃ¡t hÃ nh Ã¡o sáº½ Ä‘Æ°á»£c gá»­i vÃ o quá»¹ cho cÃ´ con gÃ¡i cá»§a Floyd.

 https://hnbmg.com/ung-ho-george-floyd-fear-of-god-tung-collab-sieu-to-khong-lo-cung-off-white-va-7-thuong-hieu-khac-68477.htmlÂ â€¦
#Fashion #FearOfGod #FearOfGodAoThunTuThien #GeorgeFloyd  pic.twitter.com/GxQWriKaWL"
2020-06-06,HÃ ng rÃ o an ninh quanh NhÃ  Tráº¯ng tiáº¿p tá»¥c má»Ÿ rá»™ng trong bá»‘i cáº£nh cÃ¡c cuá»™c biá»ƒu tÃ¬nh sáº¯c tá»™c lan rá»™ng sau cÃ¡i cháº¿t cá»§a cÃ´ng dÃ¢n da mÃ u George Floyd.  pic.twitter.com/hOfWINIpe9
2020-06-06,"YT dá»i lá»‹ch sá»± kiá»‡n ""Dear Class Of 2020"" ngÃ y 6/6 (7/6 VN) nháº±m tá»• chá»©c lá»… tÆ°á»Ÿng niá»‡m George Floyd.

Thay vÃ o Ä‘Ã³ ""Dear Class Of 2020"" sáº½ Ä‘Æ°á»£c tá»• chá»©c vÃ o ngÃ y 8/6 lÃºc 2h sÃ¡ng VN

BTS sáº½ biá»ƒu diá»…n Boy with luv nhaâ˜ºï¸
@BTS_twt 

Cre: KeepFLYINGBTSVN pic.twitter.com/DrgOXW2BZl"
2020-06-06,BQQM ğŸ’¥ğŸ’¥ğŸ’¥ #QAnon #GeorgeFloyd ğŸ¤”ğŸ¤”ğŸ¤”  https://twitter.com/mcclaymore/status/1269048729962778624Â â€¦
2020-06-06,"Bá»‹ báº¯t, Ä‘uá»•i há»c vÃ¬ trÃ o lÆ°u chá»¥p áº£nh báº¯t chÆ°á»›c vá»¥ GeorgeÂ Floyd  https://nghethuatvn.com/bi-bat-duoi-hoc-vi-trao-luu-chup-anh-bat-chuoc-vu-george-floyd.htmlÂ â€¦"
2020-06-06,[Photo] Tang lá»… George Floyd diá»…n ra trang trá»ng vÃ  trÃ n ngáº­p nÆ°á»›c máº¯t  https://www.vietnamplus.vn/photo-tang-le-george-floyd-dien-ra-trang-trong-va-tran-ngap-nuoc-mat/644048.vnpÂ â€¦
2020-06-06,TÆ°á»Ÿng niá»‡m George Floyd â€˜HÃ£y láº¥y Ä‘áº§u gá»‘i ra khá»i cá»• chÃºng tÃ´i!â€™  http://dlvr.it/RY499sÂ  pic.twitter.com/LC6pmIuJC7
2020-06-06,"Bá»‹ báº¯t, Ä‘uá»•i há»c vÃ¬ trÃ o lÆ°u chá»¥p áº£nh báº¯t chÆ°á»›c vá»¥ George Floyd #news http://vietnamnet.vn/vn/cong-nghe/cong-dong-mang/bi-bat-duoi-hoc-vi-trao-luu-chup-anh-bat-chuoc-vu-george-floyd-646832.htmlÂ â€¦"
2020-06-06,"Ä‘á»c xong cáº£m tháº¥y Ä‘Ãºng kiá»ƒu Ä‘áº­u mÃ¡ tháº¿ khÃ¡c Ä‘Ã©o gÃ¬ kim bÃ i miá»…n tá»­, cho nÃªn vá»¥ tháº±ng cha cáº£nh sÃ¡t giáº¿t george floyd mÃ  thÃ nh láº­p Ã¡n thÃ¬ coi nhÆ° tiá»n lá»‡ ngÃ nh Ä‘áº¥y, quan trá»ng Ä‘áº¿n nhÆ° váº­y Ä‘Ã³"
2020-06-05,Giáº£i pháº«u tá»­ thi cho tháº¥y George Floyd dÆ°Æ¡ng tÃ­nh vá»›i SARS-CoV-2  https://youtu.be/dQ2EO9BCahwÂ  via @YouTube
2020-06-05,"Máº¡nh thÃ¬ má»›i lÃ m káº» khÃ¡c lo sá»£ Ä‘Æ°á»£c.
Tin tá»©c 24h: Thá»‹ trÆ°á»Ÿng, cáº£nh sÃ¡t trÆ°á»Ÿng TP Minneapolis quá»³ gá»‘i trÆ°á»›c quan tÃ i Ã´ng George Floyd.
 https://www.24h.com.vn/tin-tuc-quoc-te/thi-truong-canh-sat-truong-tp-minneapolis-quy-goi-truoc-quan-tai-ong-george-floyd-c415a1155112.htmlÂ â€¦

qua @GoogleNews"
2020-06-05,"ğŸ”´ LIVE IN YOUTUBE: Tin tá»©c trá»±c tiáº¿p buá»•i sÃ¡ng á»Ÿ má»¹ 05-06-2020 
Nháº¥n vÃ o Ä‘Ã¢y Ä‘á»ƒ xem:  https://www.youtube.com/c/UNVTinBuá»•iSÃ¡ng/liveÂ â€¦
HOA Ká»²:  Bá»¨C TRANH TÆ¯á»œNG Rá»˜NG 20 FEET Äá»‚ TÆ¯á»NG NHá»š GEORGE FLOYD
#tintuc #UNV #UNVtinhbuoisang #CoronavirusOutbreak #CoronaVirusUpdates #protests pic.twitter.com/nfeaIg0Kgn"
2020-06-05,Vá»¥ George Floyd: Hoáº¡t Ä‘á»™ng tÆ°á»Ÿng niá»‡m diá»…n ra kháº¯p nÆ¡i táº¡i Má»¹  https://rfi.my/60tC.tÂ  pic.twitter.com/h5KNFGHhvS
2020-06-05,"Joe Biden quá»³ gá»‘i trong tang lá»… George Floyd.

HÃ£y nhá»› láº¥y Ä‘iá»u nÃ y nhÃ© Joe: 

Tá»•ng thá»‘ng Má»¹ khÃ´ng bao giá» quá»³ xuá»‘ng trÆ°á»›c báº¥t cá»© ai, ngoÃ i ThiÃªn ChÃºa. 

VÃ  Ã´ng sáº½ khÃ´ng bao giá» Ä‘Æ°á»£c lÃ  Tá»•ng thá»‘ng.  pic.twitter.com/uaRdzUCiGq"
2020-06-05,Vá»¥ George Floyd : Thá»§ tÆ°á»›ng Äá»©c lÃªn Ã¡n Â« hÃ nh Ä‘á»™ng giáº¿t ngÆ°á»i Â» vÃ  phÃª phÃ¡n TT Trump  https://rfi.my/60rd.tÂ  pic.twitter.com/Y7pGLYZNUe
2020-06-05,#GeorgeFloyd  ngÃ y hÃ´m nay? Deut. 30:8 Äƒn nÄƒn! CÃ´ng vá»¥ 2:38
2020-06-05,"#GeorgeFloyd Ä‘á»ƒ táº¥t cáº£ nhá»¯ng ghÃ©t ngÆ°á»i Do ThÃ¡i Negro/Ä‘en ngÆ°á»i: kinh thÃ¡nh Ä‘á» cá»§a Nave Concord Raca cÃ³ nghÄ©a lÃ  Fool, hoáº·c tá»‘t cho khÃ´ng cÃ³ gÃ¬ moron Matt. 5:22: Nigger-ngÆ°á»i dá»‘t nÃ¡t, ngÆ°á»i vÃ´ dá»¥ng: tá»‘t cho khÃ´ng cÃ³ gÃ¬. Táº¡i sao ngÆ°á»i Má»¹ kÃªu gá»i dÃ¢n da Ä‘en nÃ y n"
2020-06-05,TrÃ o lÆ°u chá»¥p áº£nh báº¯t chÆ°á»›c George Floyd gÃ¢y pháº«n ná»™  https://ift.tt/2XA3XArÂ 
2020-06-05,Ná»—i tuyá»‡t vá»ng cá»§a phong trÃ o biá»ƒu tÃ¬nh vÃ¬ GeorgeÂ Floyd  http://hoicodo.com/635592/noi-tuyet-vong-cua-phong-trao-bieu-tinh-vi-george-floyd/Â â€¦
2020-06-05,"VnExpress : Thá»‹ trÆ°á»Ÿng Má»¹ quá»³ khÃ³c bÃªn quan tÃ i George Floyd.
 https://vnexpress.net/thi-truong-my-quy-khoc-ben-quan-tai-george-floyd-4110664.htmlÂ â€¦

qua @GoogleNews"
2020-06-05,Truy tÃ¬m cÄƒn nguyÃªn gÃ¢y báº¡o loáº¡n á»Ÿ Má»¹ sau cÃ¡i cháº¿t cá»§a GeorgeÂ Floyd  https://nhanhshop.com/tin-tuc/ http-vietnamnet-vn-vn-the-gioi-binh-luan-quoc-te-truy-tim-can-nguyen-gay-bao-loan-o-my-sau-cai-chet-cua-george-floyd-646672-html/Â â€¦
2020-06-05,Ná»—i tuyá»‡t vá»ng cá»§a phong trÃ o biá»ƒu tÃ¬nh vÃ¬ George Floyd - VnExpress  https://bit.ly/2Y1xd29Â 
2020-06-05,Máº¡ng xÃ£ há»™i dáº­p táº¯t â€œThá»­ thÃ¡ch GeorgeÂ Floydâ€  https://quatviet.com/tin-tuc-moi/ http-vietnamnet-vn-vn-cong-nghe-cong-dong-mang-mang-xa-hoi-dap-tat-thu-thach-george-floyd-646620-html.html/Â â€¦
2020-06-05,Thá»‹ trÆ°á»Ÿng Minneapolis quá»³ khÃ³c trÆ°á»›c quan tÃ i cÃ´ng dÃ¢n George Floyd - Tuá»•i Tráº» Online  https://tuoitre.vn/thi-truong-minneapolis-quy-khoc-truoc-quan-tai-cong-dan-george-floyd-20200605100510829.htmÂ â€¦ qua @GoogleNews
2020-06-05,Sao dá»± tang lá»… George Floyd - VnExpress Giáº£i trÃ­  https://bit.ly/2Mv602tÂ 
2020-06-05,Biá»ƒu tÃ¬nh kÃ©o dÃ i ngÃ y thá»© 10 liÃªn tiáº¿p trÃªn kháº¯p nÆ°á»›c Má»¹ sau cÃ¡i cháº¿t cá»§a ngÆ°á»i Ä‘Ã n Ã´ng da mÃ u George Floyd á»Ÿ Minneapolis. HÃ£y cÃ¹ng chÃºng tÃ´i láº¯ng nghe Ã½ kiáº¿n cá»§a nhá»¯ng ngÆ°á»i biá»ƒu tÃ¬nh.  pic.twitter.com/HeAzFKbGKJ
2020-06-05,"Joe Biden quá»³ gá»‘i trong tang lá»… George Floyd.
HÃ£y nhá»› láº¥y Ä‘iá»u nÃ y Joe: Tá»•ng thá»‘ng Má»¹ khÃ´ng bao giá» quá»³ xuá»‘ng trÆ°á»›c ai ngoÃ i ThiÃªn ChÃºa. 
Háº¯n ta sáº½ khÃ´ng bao giá» lÃ  Tá»•ng thá»‘ng  pic.twitter.com/6rJAGlAYJV"
2020-06-05,"YouTube giá»›i háº¡n Ä‘á»™ tuá»•i, gáº¯n cá» cÃ¡c video vá» cÃ¡i cháº¿t cá»§a George Floyd  https://ift.tt/2UaGlQOÂ "
2020-06-05,CÃ¡i cháº¿t cá»§a George Floyd: Trung Quá»‘c xuáº¥t hiá»‡n 'váº» vang' nhá» cÃ¡c cuá»™c biá»ƒu tÃ¬nh á»Ÿ Má»¹  https://bbc.in/2BACshLÂ 
2020-06-05,"NhÃ¢n viÃªn báº£o vá»‡ ngÆ°á»i da Ä‘en cháº¿t bá»Ÿi nhá»¯ng káº» báº¡o loáº¡n á»Ÿ California.CÃ¡i cháº¿t cá»§a anh ta khÃ´ng quan trá»ng nhÆ° George Floyd vÃ¬ KHÃ”NG Bá»Š Cáº¢NH SÃT GIáº¾T
ChÃºa phÃ¹ há»™ anh. TÃªn anh cháº¯c sáº½ khÃ´ng Ä‘Æ°á»£c nhá»› Ä‘áº¿n,nhÆ°ng sáº½ cÃ³ má»™t sá»‘ ngÆ°á»ichÃºng tÃ´i nhá»› anh,AMEN  pic.twitter.com/HjWQVFc4pv"
2020-06-05,"Donations for #BlackLivesMatter #GeorgeFloyd #protest 

BTC:
39nrDEtKTAbxkk3hvchdjWmkzmWdUJXcy5 pic.twitter.com/OrUJXmkt4w"
2020-06-05,Thá»‹ trÆ°á»Ÿng Minneapolis quá»³ khÃ³c trÆ°á»›c quan tÃ i cÃ´ng dÃ¢n GeorgeÂ Floyd  https://gdvn.net/thi-truong-minneapolis-quy-khoc-truoc-quan-tai-cong-dan-george-floyd.htmlÂ â€¦
2020-06-05,Thá»‹ trÆ°á»Ÿng Má»¹ quá»³ khÃ³c bÃªn quan tÃ i GeorgeÂ Floyd  https://vietvalley.com/thi-truong-my-quy-khoc-ben-quan-tai-george-floyd/Â â€¦
2020-06-05,"Máº¡ng xÃ£ há»™i dáº­p táº¯t â€œThá»­ thÃ¡ch George Floydâ€ - PCI Computer Ä‘Æ¡n vá»‹ chuyÃªn sá»­a mÃ¡y vi tÃ­nh Pc laptop, wifi máº¡ng, cÃ i win,cÃ i Ä‘áº·t pháº§n má»m, sá»­a chá»¯a náº¡p má»±c in táº¡i hcm  https://suamaytinhpci.com/mang-xa-hoi-dap-tat-thu-thach-george-floyd/Â â€¦ #pci #thuthuatcongnghe #tincongnghe"
2020-06-05,Kanye West tráº£ há»c phÃ­ cho con gÃ¡i GeorgeÂ Floyd  https://tinviet360.com/index.php/2020/06/05/kanye-west-tra-hoc-phi-cho-con-gai-george-floyd/Â â€¦
2020-06-05,NgÆ°á»i ngá»“i cÃ¹ng xe láº§n Ä‘áº§u lÃªn tiáº¿ng vá» giÃ¢y phÃºt cuá»‘i Ä‘á»i cá»§a GeorgeÂ Floyd  https://ngon24h.wordpress.com/2020/06/05/nguoi-ngoi-cung-xe-lan-dau-len-tieng-ve-giay-phut-cuoi-doi-cua-george-floyd/Â â€¦
2020-06-05,HÃ¬nh áº£nh lá»… máº·c niá»‡m George Floyd #news http://vietnamnet.vn/vn/the-gioi/hinh-anh-le-mac-niem-george-floyd-646565.htmlÂ â€¦
2020-06-05,"""Äáº¡i dá»‹ch phÃ¢n biá»‡t chá»§ng tá»™c"" Ä‘Ã£ giáº¿t cháº¿t George Floyd
Benjamin Crump, luáº­t sÆ° cá»§a gia Ä‘Ã¬nh George Floyd, ngÆ°á»i Má»¹ gá»‘c Phi bá»‹ cáº£nh sÃ¡t ghÃ¬ cá»• cháº¿t, cho biáº¿t Ä‘Ã³ lÃ  ""Ä‘áº¡i dá»‹ch phÃ¢n biá»‡t chá»§ng tá»™c"" Ä‘Ã£ giáº¿t cháº¿t ngÆ°á»i Ä‘Ã n Ã´ng da mÃ u.  pic.twitter.com/1OMfWG92Jl"
2020-06-05,Biá»ƒu tÃ¬nh á»Ÿ Má»¹: HÃ ng trÄƒm ngÆ°á»i dá»± tang lá»… George Floyd  https://vnexpress.net/hang-tram-nguoi-du-tang-le-george-floyd-4110653.htmlÂ â€¦ .  BUá»’N QUÃ
2020-06-05,KhÃ¡m nghiá»‡m tá»­ thi phÃ¡t hiá»‡n George Floyd  nhiá»…m COVID  https://www.voatiengviet.com/a/kh%c3%a1m-nghi%e1%bb%87m-t%e1%bb%ad-thi-ph%c3%a1t-hi%e1%bb%87n-george-floyd-nhi%e1%bb%85m-covid/5450267.htmlÂ â€¦
2020-06-05,"Má»™t báº£n tÃ³m táº¯t tin tá»©c cá»§a vÃ i giá» qua:

 Má»™t dá»‹ch vá»¥ tÆ°á»Ÿng niá»‡m cho George Floyd Ä‘Ã£ Ä‘Æ°á»£c tá»• chá»©c táº¡i Minneapolis. CÃ¡c thÃ nh viÃªn gia Ä‘Ã¬nh Ä‘Ã£ nÃ³i vÃ  nhÃ  váº­n Ä‘á»™ng dÃ¢n quyá»n Rev Al Sharpton cÅ©ng giáº£i quyáº¿t dá»‹ch vá»¥ nÃ y.  https://tradingscenes.com/vi/b/cuoc-bieu-tinh-cua-george-floyd-cac-nhom-dan-quyen-kien-trump-va-barr-vi-su-dung-voi-rong-ben-ngoai-nha-trang/Â â€¦"
2020-06-05,Cáº£ 4 cáº£nh sÃ¡t viÃªn liÃªn há»‡ vá»¥ giáº¿t Ã´ng George Floyd Ä‘á»u bá»‹ truy tá»‘: Bá»™ TrÆ°á»Ÿng TÆ° PhÃ¡p Minnesota Keith Ellison sáº½...  http://goo.gl/iO981LÂ 
2020-06-05,"HÃ ng ngÃ n ngÆ°á»i gÃ¢y táº¯c ngháº½n cÃ¢y cáº§u dÃ i hÆ¡n 400m khi cÃ¹ng náº±m xuá»‘ng mÃ´ phá»ng tÆ° tháº¿ cá»§a George Floyd bá»‹ cáº£nh sÃ¡t ghÃ¬ cháº¿t: HÃ´m 2/6 Ä‘Ã¡nh dáº¥u ngÃ y biá»ƒu tÃ¬nh thá»© 5 liÃªn tiáº¿p á»Ÿ thÃ nh phá»‘ Portland, kÃªu gá»i ""NgÆ°á»i da Ä‘en Ä‘Ã¡ng Ä‘Æ°á»£c...  http://goo.gl/iO981LÂ "
2020-06-05,Káº¿t quáº£ khÃ¡m nghiá»‡m tá»­ thi George Floyd cho thÃ´ng tin sá»‘c: Káº¿t quáº£ khÃ¡m nghiá»‡m tá»­ thi George Floyd cho tháº¥y náº¡n...  http://goo.gl/iO981LÂ 
2020-06-05,GiÃ¡m Ä‘á»‹nh phÃ¡p y: George Floyd nhiá»…m Covid-19 trÆ°á»›c khi bá»‹ cáº£nh sÃ¡t ghÃ¬ ...  https://youtu.be/Rc0ooCt8dYcÂ  qua @YouTube
2020-06-05,KhÃ¡m nghiá»‡m tá»­ thi phÃ¡t hiá»‡n George Floyd nhiá»…m COVID  http://dlvr.it/RY16FgÂ  pic.twitter.com/HnzhO09W9z
2020-06-05,BÃ€I PHÃT BIá»‚U Cáº¢M Äá»˜NG Cá»¦A Tá»”NG THá»NG TRUMP Vá»€ Vá»¤ GEORGE FLOYD VÃ€ TIáº¾T L...  https://youtu.be/b6dheUpSs40Â  via @YouTube
2020-06-05,"AG Barr lÃªn Ã¡n báº¡o lá»±c gieo ráº¯c báº¡o lá»±c cá»§a George Floyd vÃ  Antifa 'cá»±c Ä‘oan', cam káº¿t thÄƒm dÃ² cÃ¡c vi pháº¡m dÃ¢n quyá»n cá»§a cáº£nh sÃ¡t - RT USA News  https://www.rt.com/usa/490811-barr-riots-floyd-antifa-extremists/Â â€¦"
2020-06-05,CÃ¡i cháº¿t cá»§a George Floyd: Biá»ƒu tÃ¬nh báº¡o lá»±c táº¡i Washington DC  https://bbc.in/3706RBwÂ 
2020-06-05,ğŸ–â”ŠÍ™-ËË‹Moartea lui George FloydËËŠË— pic.twitter.com/x16yptgTkY
2020-06-04,"ğŸ”´ LIVE IN YOUTUBE: Tin tá»©c trá»±c tiáº¿p buá»•i sÃ¡ng á»Ÿ má»¹ 04-06-2020 
Nháº¥n vÃ o Ä‘Ã¢y Ä‘á»ƒ xem:  https://www.youtube.com/watch?v=kVyHKQ0RZz4Â â€¦
4 Cáº¢NH SÃT LIÃŠN QUAN Äáº¾N CÃI CHáº¾T GEORGE FLOYD HIá»†N ÄANG Bá»Š GIAM GIá»®
#tintuc #UNVtinhbuoisang #CoronavirusOutbreak #CoronaVirusUpdates #protests pic.twitter.com/ZyRFLW6vv9"
2020-06-04,HÃ ng chá»¥c nghÃ¬n ngÆ°á»i Má»¹ náº±m biá»ƒu tÃ¬nh trÃªn cáº§u tÆ°á»Ÿng niá»‡m GeorgeÂ Floyd  http://hoicodo.com/635220/hang-chuc-nghin-nguoi-my-nam-bieu-tinh-tren-cau-tuong-niem-george-floyd/Â â€¦
2020-06-04,"ğŸ”´ LIVE IN YOUTUBE: Tin tá»©c trá»±c tiáº¿p buá»•i sÃ¡ng á»Ÿ má»¹ 04-06-2020 
Nháº¥n vÃ o Ä‘Ã¢y Ä‘á»ƒ xem:  https://www.youtube.com/c/UNVTinBuá»•iSÃ¡ng/liveÂ â€¦
4 Cáº¢NH SÃT LIÃŠN QUAN Äáº¾N CÃI CHáº¾T GEORGE FLOYD HIá»†N ÄANG Bá»Š GIAM GIá»®
#tintuc #UNVtinhbuoisang #CoronavirusOutbreak #CoronaVirusUpdates #protests pic.twitter.com/F2SpreUo38"
2020-06-04,Má»¹: VÃ¬ sao biá»ƒu tÃ¬nh pháº£n khÃ¡ng bÃ¹ng kháº¯p sau cÃ¡i cháº¿t cá»§a ngÆ°á»i da Ä‘en George Floyd?  https://rfi.my/60Ui.tÂ  pic.twitter.com/IuUTrSHCRO
2020-06-04,Ø³Ø±Ú† Ú©Ù† george floyd
2020-06-04,Vá»¥ George Floyd : Bá»™ trÆ°á»Ÿng Quá»‘c PhÃ²ng Má»¹ pháº£n Ä‘á»‘i dÃ¹ng quÃ¢n Ä‘á»™i dáº¹p biá»ƒu tÃ¬nh  https://rfi.my/60U9.tÂ  pic.twitter.com/sgJzXENTVM
2020-06-04,HÃ ng ngÃ n ngÆ°á»i náº±m xuá»‘ng trong tÆ° tháº¿ cá»§a George Floyd bá»‹ ghÃ¬ cháº¿t gÃ¢y táº¯c ngháº½n cÃ¢y cáº§u dÃ i hÆ¡n 400m táº¡o ra cáº£nh tÆ°á»£ng chÆ°a tá»«ngÂ cÃ³  https://ngon24h.wordpress.com/2020/06/04/hang-ngan-nguoi-nam-xuong-trong-tu-the-cua-george-floyd-bi-ghi-chet-gay-tac-nghen-cay-cau-dai-hon-400m-tao-ra-canh-tuong-chua-tung-co/Â â€¦
2020-06-04,Vá»¥ George Floyd: CÆ¡ há»™i tÃ¡i cá»­ cá»§a Ã´ng Donald Trump tháº¿ nÃ o?  https://www.baoquocdan.org/2020/06/vu-george-floyd-co-hoi-tai-cu-cua-ong.htmlÂ â€¦
2020-06-04,Má»¹: ViÃªn cáº£nh sÃ¡t khiáº¿n George Floyd thiá»‡t máº¡ng bá»‹ cáº£i tá»™i danh thÃ nh sÃ¡t nhÃ¢n  https://rfi.my/60R5.tÂ  pic.twitter.com/rMdFxg7J8h
2020-06-04,Meghan Markle chÃ­nh thá»©c lÃªn tiáº¿ng vá» vá»¥ viá»‡c George Floyd Ä‘ang gÃ¢y cháº¥n Ä‘á»™ng nÆ°á»›c Má»¹ vÃ  báº¥t ngá» nÃ³i lá»i xinÂ lá»—i  https://ngon24h.wordpress.com/2020/06/04/meghan-markle-chinh-thuc-len-tieng-ve-vu-viec-george-floyd-dang-gay-chan-dong-nuoc-my-va-bat-ngo-noi-loi-xin-loi/Â â€¦
2020-06-04,Cuá»™c chiáº¿n phÃ¡p lÃ½ quanh cÃ¡i cháº¿t cá»§a GeorgeÂ Floyd  http://hoicodo.com/635093/cuoc-chien-phap-ly-quanh-cai-chet-cua-george-floyd/Â â€¦
2020-06-04,"Em trai cá»§a George Floyd, ngÆ°á»i Ä‘Ã n Ã´ng da mÃ u tá»­ vong sau khi bá»‹ cáº£nh sÃ¡t ghÃ¬ Ä‘áº§u, Ä‘Ã£ kÃªu gá»i hÃ²a bÃ¬nh ngay táº¡i hiá»‡n trÆ°á»ng xáº£y ra vá»¥ viá»‡c gÃ¢y rÃºng Ä‘á»™ng nÆ°á»›c Má»¹.

 https://www.facebook.com/photo.php?fbid=137580101238056&set=a.102111234784943&type=3Â â€¦ pic.twitter.com/Q1J6Yt0MrJ"
2020-06-04,CÃ”NG LÃ CHO GEORGE FLOYD VÃ€ CÃ‚U CHUYá»†N BIá»‚U TÃŒNH Báº O Äá»˜NG Cá»¦AÂ ANTIFA  http://thienhasu2018.com/2020/06/04/cong-ly-cho-george-floyd-va-cau-chuyen-bieu-tinh-bao-dong-cua-antifa/Â â€¦
2020-06-04,George Floyd nhiá»…m nCoV  http://a.msn.com/01/vi-vn/BB150d8D?ocid=stÂ â€¦
2020-06-04,"LÃ m tháº¿ nÃ o cÃ¡c tá»· phÃº Ä‘ang pháº£n á»©ng vá»›i cÃ¡c cuá»™c biá»ƒu tÃ¬nh cá»§a George Floyd
 https://www.tinmoiz.com/lam-the-nao-cac-ty-phu-dang-phan-ung-voi-cac-cuoc-bieu-tinh-cua-george-floyd-355452/?_unique_id=5ed8b4bb807e2Â â€¦"
2020-06-04,Cuá»™c chiáº¿n phÃ¡p lÃ½ quanh cÃ¡i cháº¿t cá»§a GeorgeÂ Floyd  https://gdvn.net/cuoc-chien-phap-ly-quanh-cai-chet-cua-george-floyd.htmlÂ â€¦
2020-06-04,"Truy tá»‘ cáº£ 4 cáº£nh sÃ¡t vá»¥ ghÃ¬ cháº¿t George Floyd, gia Ä‘Ã¬nh Floyd â€˜vui buá»“n láº«nÂ lá»™nâ€™  https://gdvn.net/truy-to-ca-4-canh-sat-vu-ghi-chet-george-floyd-gia-dinh-floyd-vui-buon-lan-lon.htmlÂ â€¦"
2020-06-04,"George Floyd theo nhÆ° khÃ¡m nghiá»‡m tá»­ thi Ä‘Ã£ cÃ³ káº¿t quáº£ dÆ°Æ¡ng tÃ­nh vá»›i Corona Virus.
ğŸ”¸ App:  http://bit.ly/wikifxVNÂ 
ğŸ”¸ Website:  http://www.wikifx.vn/Â 
ğŸ”¸ Instagram:  http://wikifx.vnÂ 
ğŸ”¸ Zalo: WIKIFX VN
#WikiFX #WikiFXVN #forex #Coronavirus pic.twitter.com/YGjpy4H1Hu"
2020-06-04,Con gÃ¡i 6 tuá»•i cá»§a George Floyd khÃ´ng biáº¿t sá»± tháº­t vá» cÃ¡i cháº¿t cá»§a bá»‘ nhÆ°ng cÃ´ bÃ© Ä‘Ã£ nÃ³i má»™t cÃ¢u khiáº¿n nhiá»u ngÆ°á»i pháº£i suyÂ ngáº«m  https://ngon24h.wordpress.com/2020/06/04/con-gai-6-tuoi-cua-george-floyd-khong-biet-su-that-ve-cai-chet-cua-bo-nhung-co-be-da-noi-mot-cau-khien-nhieu-nguoi-phai-suy-ngam/Â â€¦
2020-06-04,[Photo] Biá»ƒu tÃ¬nh Ã´n hÃ²a trÃªn kháº¯p nÆ°á»›c Má»¹ sau vá»¥ George Floyd  https://www.vietnamplus.vn/photo-bieu-tinh-on-hoa-tren-khap-nuoc-my-sau-vu-george-floyd/643616.vnpÂ â€¦
2020-06-04,Giáº£i pháº«u tá»­ thi cho tháº¥y George Floyd dÆ°Æ¡ng tÃ­nh vá»›iÂ SARS-CoV-2  https://ngon24h.wordpress.com/2020/06/04/giai-phau-tu-thi-cho-thay-george-floyd-duong-tinh-voi-sars-cov-2/Â â€¦
2020-06-04,Giáº£o nghiá»‡m tá»­ thi cho tháº¥y George Floyd xÃ©t nghiá»‡m dÆ°Æ¡ng tÃ­nh COVID 19Â   https://www.baocalitoday.com/giao-duc-gia-dinh/giao-nghiem-tu-thi-cho-thay-george-floyd-xet-nghiem-duong-tinh-covid-19.htmlÂ â€¦ via @Nháº­t BÃ¡o Calitoday
2020-06-04,"CÃ¡c cÃ´ng tá»‘ viÃªn Má»¹ ngÃ y 3/6 Ä‘Ã£ nÃ¢ng cÃ¡o buá»™c chá»‘ng láº¡i  Derek Chauvin - viÃªn cáº£nh sÃ¡t trong vá»¥ George Floyd Ä‘ang gÃ¢y pháº«n ná»™ nÆ°á»›c Má»¹, vÃ  buá»™c tá»™i thÃªm 3 cá»±u sÄ© quan khÃ¡c tiáº¿p tay cho tá»™i Ã¡c nÃ y  pic.twitter.com/QqXXhDHFmI"
2020-06-04,"Hy vá»ng vá»›i Ä‘á»™ng thÃ¡i má»›i nÃ y, tÃ¬nh hÃ¬nh biá»ƒu tÃ¬nh á»Ÿ Má»¹ sáº½ háº¡ nhiá»‡t. 
All four ex-officers now face charges in George Floyd's killing. Chauvin's charge is increased.
 https://www.cnn.com/2020/06/03/us/george-floyd-officers-charges/index.htmlÂ â€¦"
2020-06-04,ThÆ° Gá»Ÿi Äá»“ng HÆ°Æ¡ng NhÃ¢n CÃ¡i Cháº¿t Cá»§a George Floyd (Nghá»‹ ViÃªn Diá»‡p Tháº¿ LÃ¢n)  http://www.buctranhvancau.com/new-blog/2020/6/3/th-gi-ng-hng-nhn-ci-cht-ca-george-floyd-ngh-vin-dip-th-lnÂ â€¦
2020-06-04,Tháº¥y GÃ¬ Qua CÃ¡i Cháº¿t Cá»§a George Floyd (Tuá»‡ VÃ¢n)  http://www.buctranhvancau.com/new-blog/2020/6/3/thy-g-qua-ci-cht-ca-george-floyd-tu-vnÂ â€¦
2020-06-04,Má»¹ truy tá»‘ thÃªm 3 cáº£nh sÃ¡t trong vá»¥ ngÆ°á»i da mÃ u George Floyd tá»­ vong  https://thanhnien.vn/the-gioi/my-truy-to-them-3-canh-sat-trong-vu-nguoi-da-mau-george-floyd-tu-vong-1233268.htmlÂ â€¦
2020-06-04,Cáº£nh sÃ¡t Má»¹ ghÃ¬ cháº¿t George Floyd bá»‹ cÃ¡o buá»™c tá»™i danh náº·ng hÆ¡n: Cáº£nh sÃ¡t Má»¹ ghÃ¬ cháº¿t George Floyd bá»‹ cÃ¡o buá»™c tá»™i...  http://goo.gl/iO981LÂ 
2020-06-04,"Truy tá»‘ cáº£ 4 cáº£nh sÃ¡t vá»¥ ghÃ¬ cháº¿t George Floyd, gia Ä‘Ã¬nh Floyd 'vui buá»“n láº«n lá»™n' #news  https://tuoitre.vn/truy-to-ca-4-canh-sat-vu-ghi-chet-george-floyd-gia-dinh-floyd-vui-buon-lan-lon-20200604045015255.htmÂ â€¦"
2020-06-04,"NÆ°á»›c Má»¹ rá»‘i ren, Ã´ng Obama lÃªn tiáº¿ng sau vá»¥ GeorgeÂ Floyd  http://hoicodo.com/634874/nuoc-my-roi-ren-ong-obama-len-tieng-sau-vu-george-floyd/Â â€¦"
2020-06-04,Vá»¥ George Floyd: CÆ¡ há»™i tÃ¡i cá»­ cá»§a Ã´ng Donald Trump tháº¿ nÃ o?  https://bbc.in/2U0ZtkjÂ 
2020-06-04,Truy tá»‘ cáº£ 4 cáº£nh sÃ¡t trong vá»¥ ghÃ¬ cháº¿t GeorgeÂ Floyd  http://hoicodo.com/634868/truy-to-ca-4-canh-sat-trong-vu-ghi-chet-george-floyd/Â â€¦
2020-06-04,Truy tá»‘ cáº£ 4 cáº£nh sÃ¡t trong vá»¥ ghÃ¬ cháº¿t George Floyd #news  https://tuoitre.vn/truy-to-ca-4-canh-sat-trong-vu-ghi-chet-george-floyd-20200604045015255.htmÂ â€¦
2020-06-04,NgÆ°á»i gá»‘c Ã Ä‘á»©ng nhÃ¬n Ã´ng George Floyd háº¥p há»‘i lÃ  ai?  https://www.voatiengviet.com/a/tou-thao-chauvin-floyd-bieu-tinh/5446313.htmlÂ â€¦
2020-06-04,"Tiá»n Phong: CÃ´ gÃ¡i quay video cáº£nh sÃ¡t ghÃ¬ cá»• George Floyd pháº£i Ä‘iá»u trá»‹ tÃ¢m lÃ½.
 https://www.tienphong.vn/the-gioi/co-gai-quay-video-canh-sat-ghi-co-george-floyd-phai-dieu-tri-tam-ly-1667901.tpoÂ â€¦

qua @GoogleNews"
2020-06-04,Táº¡i sao biá»ƒu tÃ¬nh vá»¥ George Floyd thÃ nh báº¡o Ä‘á»™ng? | Äá»— DzÅ©ng x KhÃ´i NguyÃªn  https://youtu.be/iCcJER7r0wAÂ  qua @YouTube
2020-06-04,George Floyd | Cá»™i Nguá»“n PhÃ¢n Biá»‡t Chá»§ng Tá»™c á» Má»¹ | Kiáº¿n thá»©c Ä‘a diá»‡n  https://youtu.be/je-Ta5RzwcwÂ  via @YouTube
2020-06-04,"BBC News Tiáº¿ng Viá»‡t - Vá»¥ George Floyd: CÆ¡ há»™i tÃ¡i cá»­ cá»§a Ã´ng Donald Trump tháº¿ nÃ o?  https://www.bbc.com/vietnamese/world-52904975Â â€¦
Nhá»¯ng pháº§n tá»­ ná»•i loáº¡n chá»‰ lÃ  thiá»ƒu sá»‘ vÃ  cÃ³ tÃ­nh â€œ ngáº¯n háº¡n, vÃ  sáº½ khÃ´ng áº£nh hÆ°á»Ÿng báº§u cá»­, dá»‹ch china VIRUS giÃºp TT tai Ä‘áº¯c cá»­."
2020-06-04,"Æ˜ÆÆá‘­ FÆ–GHÆ¬Æ–á‘G!!! 
ï¼­ï¼¡ï¼«ï¼¥  ï¼´ï¼¨ï¼¥ï¼­  
ï¼¬ï¼©ï¼³ï¼´ï¼¥ï¼®!! 
#BlackLivesMatter https://twitter.com/FINALLEVEL/status/1268274065329934336Â â€¦"
2020-06-04,Tim Cook lÃªn Ã¡n vá»¥ GeorgeÂ Floyd  https://tinviet360.com/index.php/2020/06/04/tim-cook-len-an-vu-george-floyd/Â â€¦
2020-06-04,"Ãâˆƒâ„³âˆ€Ğ˜Ã â˜¾Ä¦âˆ€Ğ˜á¸ âˆƒ! 
#bÌ°ÌƒlÌ°ÌƒÃ£Ì°cÌ°ÌƒkÌ°ÌƒlÌ°Ìƒá¸­Ìƒá¹½Ì°á¸›ÌƒsÌ°ÌƒmÌ°ÌƒÃ£Ì°tÌ°ÌƒtÌ°Ìƒá¸›ÌƒrÌ°Ìƒ
.
#IÍ¡CÍ¡AÍ¡NÍ¡TÍ¡BÍ¡RÍ¡EÍ¡AÍ¡TÍ¡HÍ¡EÍ¡"
2020-06-04,Vá»¥ George Floyd: CÆ¡ há»™i tÃ¡i cá»­ cá»§a Ã´ng Donald Trump tháº¿ nÃ o? - BBC Tiáº¿ng Viá»‡t  https://www.bbc.com/vietnamese/world-52904975Â â€¦ qua @GoogleNews
2020-06-04,"#FolksPaper.com #TheChrisMentilloDaily #Discrimination The #GeorgeFloyd #Saga (Part 1) By #ChrisMentillo  https://www.folkspaper.comÂ 
    /t/XXgkGWVQc"
2020-06-04,"The #GeorgeFloyd #Saga (Part 1) By #ChrisMentillo  https://www.folkspaper.comÂ 
    /t/XXgkGWVQc"
2020-06-04,"T.H.I.S. ğŸ‘‡ğŸ»ğŸ‘‡ğŸ»ğŸ‘‡ğŸ»ğŸ‘‡ğŸ»
#BlackLivesMatter #GeorgeFloyd #BreonnaTaylor #SayHisName #SayHerName #NoJusticeNoPeace https://twitter.com/PrestonMitchum/status/1268142849276723200Â â€¦"
2020-06-04,à¹à¸„à¸¡à¹€à¸›à¸à¸£à¸“à¸£à¸‡à¸„à¹Œ Â· Justice for George Floyd Â·  http://Change.orgÂ  https://www.change.org/p/mayor-jacob-frey-justice-for-george-floyd?recruiter=895898514&utm_source=share_petition&utm_medium=twitter&utm_campaign=psf_combo_share_initial&utm_term=psf_combo_share_initial&recruited_by_id=6a4669c0-a74d-11e8-a554-dd9015f4e479Â â€¦
2020-06-04,George Floyd vÃ  ngÆ°á»i da Ä‘en á»Ÿ MÄ©  http://dlvr.it/RXwFZXÂ  pic.twitter.com/xThpgRZ8t0
2020-06-04,RIEP #GeorgeFloyd #BLM https://twitter.com/KamalaHarris/status/1268228408007409665Â â€¦
2020-06-03,TÆ°á»›ng KhÃ´ng quÃ¢n Má»¹ gá»i cÃ¡i cháº¿t cá»§a George Floyd lÃ  tháº£m ká»‹ch quá»‘cÂ gia  http://hoicodo.com/634790/tuong-khong-quan-my-goi-cai-chet-cua-george-floyd-la-tham-kich-quoc-gia/Â â€¦
2020-06-03,BBC News Tiáº¿ng Viá»‡t - Vá»¥ George Floyd: CÆ¡ há»™i tÃ¡i cá»­ cá»§a Ã´ng Donald Trump tháº¿ nÃ o?  https://www.bbc.com/vietnamese/world-52904975Â â€¦
2020-06-03,"à®“à®µà®¿à®¯à®°à¯ Ravi Palette . 
#BlackLivesMattter #GeorgeFloyd #TrumpMeltdown pic.twitter.com/yfdpupVePi"
2020-06-03,Má»¹ : á»¨ng viÃªn tá»•ng thá»‘ng Má»¹ Joe Biden lÃªn tiáº¿ng vá» vá»¥ George Floyd  https://rfi.my/608x.tÂ  pic.twitter.com/PXqY3A58nO
2020-06-03,apoÎ¸ÎµosÎ¹Ï‚: George Floyd â€“ more than a name  https://coztjrs-apotheosis.blogspot.com/2020/06/george-floyd-more-than-name.html?spref=twÂ â€¦
2020-06-03,"George Floyd : 60.000 ngÆ°á»i tuáº§n hÃ nh á»Ÿ Houston, biá»ƒu tÃ¬nh tiáº¿p diá»…n táº¡i Má»¹  http://rfi.my/603B.TÂ  qua @RFI_Vi"
2020-06-03,Em trai George Floyd kÃªu gá»i Ä‘Ã¡m Ä‘Ã´ng ngá»«ng báº¡o Ä‘á»™ng vÃ  hÃ´i cá»§a | Äiá»ƒm t...  https://youtu.be/luFBs3zF710Â  via @YouTube
2020-06-03,"Vá»¥ George Floyd há»§y hoáº¡i nhá»¯ng ná»— lá»±c cá»§a Má»¹ báº£o vá»‡ tá»± do, dÃ¢n chá»§ vÃ  nhÃ¢n quyá»n trÃªn tháº¿ giá»›i  http://rfi.my/605D.TÂ  qua @RFI_Vi"
2020-06-03,Chá»§ cá»­a hÃ ng nÆ¡i bÃ¡o Ã¡n khiáº¿n George Floyd bá»‹ ghÃ¬ Ä‘áº§u Ä‘áº¿n cháº¿t há»‘i háº­n nÃ³i: â€œTÃ´i Æ°á»›c gÃ¬ nhÃ¢n viÃªn cá»§a mÃ¬nh Ä‘Ã£ khÃ´ng gá»i cáº£nhÂ sÃ¡tâ€  https://ngon24h.wordpress.com/2020/06/03/chu-cua-hang-noi-bao-an-khien-george-floyd-bi-ghi-dau-den-chet-hoi-han-noi-toi-uoc-gi-nhan-vien-cua-minh-da-khong-goi-canh-sat/Â â€¦
2020-06-03,"Vá»¥ George Floyd há»§y hoáº¡i nhá»¯ng ná»— lá»±c cá»§a Má»¹ báº£o vá»‡ tá»± do, dÃ¢n chá»§ vÃ  nhÃ¢n quyá»n trÃªn tháº¿ giá»›i  https://rfi.my/605F.tÂ  pic.twitter.com/urMoxXgph4"
2020-06-03,GS Nguyá»…n VÄƒn Tuáº¥n - George Floyd vÃ  ngÆ°á»i da Ä‘en á»Ÿ MÄ©  https://www.baoquocdan.org/2020/06/gs-nguyen-van-tuan-george-floyd-va.htmlÂ â€¦
2020-06-03,"George Floyd : 60.000 ngÆ°á»i tuáº§n hÃ nh á»Ÿ Houston, biá»ƒu tÃ¬nh tiáº¿p diá»…n táº¡i Má»¹  https://rfi.my/603D.tÂ  pic.twitter.com/GSNtPPM8aI"
2020-06-03,Tiáº¿t lá»™ vá» George Floyd trÆ°á»›c khi bá» máº¡ng dÆ°á»›i Ä‘áº§u gá»‘i cáº£nhÂ sÃ¡t  https://ngon24h.wordpress.com/2020/06/03/tiet-lo-ve-george-floyd-truoc-khi-bo-mang-duoi-dau-goi-canh-sat/Â â€¦
2020-06-03,"60,000 ngÆ°á»i á»Ÿ Houston cÃ¹ng tuáº§n hÃ nh Ä‘á»ƒ tÆ°á»Ÿng nhá»› Ã´ng GeorgeÂ Floyd  http://thienhasu2018.com/2020/06/03/60000-nguoi-o-houston-cung-tuan-hanh-de-tuong-nho-ong-george-floyd/Â â€¦"
2020-06-03,60.000 ngÆ°á»i tÆ°á»Ÿng niá»‡m GeorgeÂ Floyd  https://vietvalley.com/60-000-nguoi-tuong-niem-george-floyd-2/Â â€¦
2020-06-03," https://www.facebook.com/100003313261870/posts/3080187632101649/?sfnsn=moÂ â€¦ vá»›i thÃ nh tÃ­ch nÃ y,háº¯n xá»©ng bá»‹ Ä‘Ã¨ cháº¿t quÃ¡ chá»©(GEORGE FLOYD VÃ€O TÃ™ NHIá»€U Láº¦N VÃ€ KIÃŠM DIá»„N VIÃŠN PHIM CON HEO!
âš ï¸ 08/1997: Bá»‹ báº¯t vÃ¬ sá»Ÿ há»¯u controlled substance (táº¡m gá»i lÃ  thuá»‘c phiá»‡n).
âš ï¸ 08/1998: Bá»‹ báº¯t vÃ¬ trá»™m cáº¯p.
âš ï¸ 09/25/1998: Bá»‹"
2020-06-03,60.000 ngÆ°á»i tÆ°á»Ÿng niá»‡m GeorgeÂ Floyd  https://vietvalley.com/60-000-nguoi-tuong-niem-george-floyd/Â â€¦
2020-06-03,Con trai cá»§a George Floyd lÃªn tiáº¿ng vá» biá»ƒuÂ tÃ¬nh  http://thienhasu2018.com/2020/06/02/con-trai-cua-george-floyd-len-tieng-ve-bieu-tinh/Â â€¦
2020-06-03,Gregory Wong 1 tÃªn chá»‡t 31 tuá»•i giáº£ máº·c Ä‘á»“ lÃ­nh Má»¹ trÃ  trá»™n vÃ´ Ä‘Ã¡m Ä‘Ã´ng trÆ°á»›c trá»¥ sá»Ÿ cáº£nh sÃ¡t vá»›i vÅ© khÃ­ láº­u Ä‘Ã£ bá»‹ báº¯t.Vá»¥ báº¯t giá»¯ Ä‘Æ°á»£c thá»±c hiá»‡n khÃ´ng xa nÆ¡i cÃ¡c cuá»™c biá»ƒu tÃ¬nh vá» cÃ¡i cháº¿t cá»§a George Floyd diá»…n ra  táº¡i trung tÃ¢m thÃ nh phá»‘ Los Angeles.  pic.twitter.com/zzMH5nTqlE
2020-06-03,BBC News Tiáº¿ng Viá»‡t - Vá»¥ George Floyd: Tá»•ng thá»‘ng Trump cÃ³ thá»ƒ Ä‘iá»u Ä‘á»™ng quÃ¢n Ä‘á»™i dáº¹p biá»ƒu tÃ¬nh?  https://www.bbc.com/vietnamese/world-52889669Â â€¦
2020-06-03,"#GeorgeFloyd
 http://congly.vn/the-gioi/tin-nhanh/video-bao-loan-o-my-sau-vu-george-floyd-duoi-goc-nhin-cua-chuyen-gia-nghien-cuu-quoc-te-345684.htmlÂ â€¦
[VIDEO] Báº¡o loáº¡n á»Ÿ Má»¹ sau vá»¥ George Floyd dÆ°á»›i gÃ³c nhÃ¬n cá»§a chuyÃªn gia nghiÃªn cá»©u quá»‘c táº¿  pic.twitter.com/I6B59hZoNs"
2020-06-03,"2nd Jun 2020
THE KING CHANNEL - Nguy Vu vÃ  BÃ© TÃ­
Náº N NHÃ‚N GEORGE FLOYD vÃ  Cáº¢NH SÃT DERECK CHAUVIN - BIáº¾T  NHAU 
 https://youtu.be/XUpSa4tR9AsÂ  via @YouTube"
2020-06-03,CÆ¡n thá»‹nh ná»™ cá»§a nÆ°á»›c Má»¹ trÆ°á»›c cÃ¡i cháº¿t cá»§a George Floyd #news  https://www.facebook.com/269646396405852_2948040488566416Â â€¦
2020-06-03,"03/06___2020

 ğŸ“£ğŸ“£ğŸ“£  NÆ¯á»šC Má»¸ Ä‘ang sá»¥p Ä‘á»•.
âœï¸âœï¸âœï¸á»¨ng nghiá»‡m Lá»œI KINH THÃNH
  ğŸŒğŸŒğŸŒHÃƒY Tá»ˆNH THá»¨C mÃ  trá»Ÿ vá» cÃ¹ng THIÃŠN CHÃšA

NYC braces: George Floyd protests continue, trouble emerges as clock reaches new earlier curfew  https://fxn.ws/2AA9wFUÂ  #FoxNews"
2020-06-03,Lá»i cuá»‘i cá»§a George Floyd trÃªn báº§u trá»i nÆ°á»›c Má»¹ vÃ  cuá»™c biá»ƒu tÃ¬nh trÃªn khÃ´ng cá»§a má»™t nghá»‡ sÄ© daÂ mÃ u  https://ngon24h.wordpress.com/2020/06/03/loi-cuoi-cua-george-floyd-tren-bau-troi-nuoc-my-va-cuoc-bieu-tinh-tren-khong-cua-mot-nghe-si-da-mau/Â â€¦
2020-06-03,"Sau khi báº¥t á»•n xÃ£ há»™i cÃ n quÃ©t nÆ°á»›c Má»¹, CEO Ripple Brad Garlinghouse Ä‘Ã£ trá»Ÿ thÃ nh nhÃ  quáº£n lÃ½ cáº¥p cao má»›i nháº¥t lÃªn tiáº¿ng vá» vá»¥ viá»‡c sÃ¡t háº¡i George Floyd.  https://www.tapchibitcoin.vn/ceo-ripple-brad-garlinghouse-chung-ta-can-phai-chu-dong-chong-lai-nan-phan-biet-chung-toc.htmlÂ â€¦"
2020-06-03,THE KING CHANNEL - Náº N NHÃ‚N GEORGE FLOYD vÃ  Cáº¢NH SÃT DERECK CHAUVIN - BI...  https://youtu.be/XFTwsB4HfmYÂ  qua @YouTube
2020-06-03,theo lindo
2020-06-03,Vá»¥ George FloydÂ : TT Má»¹ dá»a triá»ƒn khai quÃ¢n Ä‘á»™i dáº¹p báº¡o Ä‘á»™ng  http://rfi.my/5zk5.TÂ  qua @RFI_Vi
2020-06-03,NgÆ°á»i quay video cáº£nh sÃ¡t ghÃ¬ cháº¿t George Floyd lÃªn tiáº¿ng - VnExpress  https://vnexpress.net/nguoi-quay-video-canh-sat-ghi-chet-george-floyd-len-tieng-4109443.htmlÂ â€¦  CÃ” GÃI Ná»”I TIáº¾NG
2020-06-03,Vá»¥ George Floyd vÃ  lÃ¡ bÃ i láº­p láº¡i tráº­t tá»± cá»§a Donald Trump trong báº§u cá»­  http://rfi.my/5znp.TÂ  via @RFI_Vi
2020-06-03,"#blackouttuesday #nojusticenopeace #dontshoot #georgefloyd #400years @ San Mateo, California  https://www.instagram.com/p/CA8dHPdnT0T/?igshid=19c3xfgslxb4qÂ â€¦"
2020-06-03,"Vá»¥ George FloydÂ : TT Má»¹ dá»a triá»ƒn khai quÃ¢n Ä‘á»™i dáº¹p báº¡o Ä‘á»™ng  http://rfi.my/5zk5.TÂ  via @RFI_Vi
VÃ¢ng, ChÃ¡nh phá»§ cáº§n lÃ m nhá»¯ng gÃ¬ cáº§n thiáº¿t Ä‘á»ƒ á»•n Ä‘á»‹nh xÃ£ há»™i vÃ  tráº­t tá»±, mang láº¡i Ä‘á»i sá»‘ng bÃ¬nh thÆ°á»ng, vÃ¬ Ä‘áº¥t nÆ°á»›c nÃ y cÃ³ luáº­t phÃ¡p vÃ  pháº£i tÃ´n trá»ng."
2020-06-03,NÃ³ng nháº¥t hÃ´m nay: VÃ¬ sao chá»‰ 1 cáº£nh sÃ¡t bá»‹ báº¯t vá»¥ George Floyd cháº¿t?  http://dlvr.it/RXrjcvÂ  pic.twitter.com/6gwJhfGPTF
2020-06-03,"ÄÃ i tÆ°á»Ÿng niá»‡m George Floyd GoFundMe Ä‘Ã£ thu hÃºt hÃ ng triá»‡u ngÆ°á»i

 https://www.tinmoiz.com/dai-tuong-niem-george-floyd-gofundme-da-thu-hut-hang-trieu-nguoi-354430/?_unique_id=5ed6915c84738Â â€¦"
2020-06-03,ğŸŒ 20Jun02 - George Floyd vÃ  ngÆ°á»i da Ä‘en á»Ÿ Má»¹  https://youtu.be/UvMHkVbgq9YÂ  via @YouTube
2020-06-03,Mayweather tráº£ chi phÃ­ an tÃ¡ng cho George Floyd  http://dlvr.it/RXrZLgÂ  pic.twitter.com/O3JUW6POCN
2020-06-02,à¸˜à¸¸à¸£à¸à¸´à¸ˆà¸¢à¸±à¸à¸©à¹Œà¸¡à¸°à¸à¸±à¸™ Netflix -Google -Citibank -Twitter - Microsoft - Nike -Adidas à¸ªà¹ˆà¸‡à¸ªà¸²à¸£à¹€à¸ªà¸µà¸¢à¹ƒà¸ˆà¸à¸£à¸“à¸µ George Floyd!
2020-06-02,Vá»¥ George Floyd: Tá»•ng thá»‘ng Trump dá»a Ä‘iá»u thÃªm quÃ¢n Ä‘á»ƒ cháº¥m dá»©t báº¥t á»•n  https://bbc.in/2U1k7k2Â 
2020-06-02,Vá»¥ George Floyd vÃ  lÃ¡ bÃ i láº­p láº¡i tráº­t tá»± cá»§a Donald Trump trong báº§u cá»­  https://rfi.my/5zo2.tÂ  pic.twitter.com/6uFKfPr4qI
2020-06-02,Em trai George Floyd kÃªu gá»i Ä‘Ã¡m Ä‘Ã´ng ngá»«ng gÃ¢y rá»‘i - VnExpress  https://vnexpress.net/em-trai-george-floyd-keu-goi-dam-dong-ngung-gay-roi-4109419.htmlÂ â€¦
2020-06-02,#blacklivesmatter #georgefloyd Ã  The world  https://www.instagram.com/p/CA7lHogqDrH/?igshid=2rwlj9bc45znÂ â€¦
2020-06-02,"Liá»‡u Bitcoin tÄƒng vá»t trÃªn 10000 USD cÃ³ liÃªn quan gÃ¬ Ä‘áº¿n báº¥t á»•n á»Ÿ Má»¹ do vá»¥ sÃ¡t háº¡i George Floyd vÃ  viá»‡c Ä‘á»“ng NhÃ¢n dÃ¢n tá»‡ máº¥t giÃ¡?

Chi tiáº¿t:  https://www.supercryptonews.com/vi/cap-nhat-bitcoin-nhay-mua-quanh-nguong-10-000-cang-thang-o-my-su-mat-gia-cua-nhan-dan-te/Â â€¦
#Bitcoin #BlackLivesMatter #BlackOutDay2020"
2020-06-02,Vá»¥ George FloydÂ : TT Má»¹ dá»a triá»ƒn khai quÃ¢n Ä‘á»™i dáº¹p báº¡o Ä‘á»™ng  https://rfi.my/5zkB.tÂ  pic.twitter.com/Kam1JjUa79
2020-06-02,Tháº­t xáº¥u há»• vÃ¬ cÃ¡c báº¡n khÃ´ng xá»©ng Ä‘Ã¡ng Ä‘i Ä‘i Ä‘Ã²i cÃ´ng lÃ½ cho George Floyd  pic.twitter.com/BkC9qHPWh8
2020-06-02,Vá»¥ George Floyd cháº¿t: Táº¡i sao biá»ƒu tÃ¬nh biáº¿n thÃ nh báº¡o Ä‘á»™ng?  https://www.baoquocdan.org/2020/06/vu-george-floyd-chet-tai-sao-bieu-tinh.htmlÂ â€¦
2020-06-02,Lá»i kÃªu gá»i xÃºc Ä‘á»™ng cá»§a em trai George Floyd trÆ°á»›c nhá»¯ng ngÆ°á»i biá»ƒu tÃ¬nhÂ Má»¹  http://hoicodo.com/634231/loi-keu-goi-xuc-dong-cua-em-trai-george-floyd-truoc-nhung-nguoi-bieu-tinh-my/Â â€¦
2020-06-02,Cuá»™c biá»ƒu tÃ¬nh trÃªn khÃ´ng â€“ nhá»¯ng lá»i cuá»‘i cÃ¹ng cá»§a George Floyd viáº¿t lÃªn báº§u trá»i Má»¹  https://www.kenhnews.com/cuoc-bieu-tinh-tren-khong-nhung-loi-cuoi-cung-cua-george-floyd-viet-len-bau-troi-my.htmlÂ â€¦
2020-06-02,4 sÄ© quan cáº£nh sÃ¡t bá»‹ báº¯n á»Ÿ St. Louis khi tÃ¬nh tráº¡ng há»—n loáº¡n trong cÆ¡n thá»‹nh ná»™ cá»§a George Floyd trÃªn - RT USA News  https://www.rt.com/usa/490463-police-officers-shot-protests/Â â€¦
2020-06-02,Biá»ƒu tÃ¬nh á»Ÿ Má»¹: George Floyd cháº¿t vÃ¬ bá»‹ ghÃ¬ gÃ¡y  https://vnexpress.net/bac-si-phap-y-noi-george-floyd-bi-giet-4108877.htmlÂ â€¦
2020-06-02,George Floyd cháº¿t nhÆ° tháº¿ nÃ o trong 8 phÃºt 46 giÃ¢y? - VnExpress  https://bit.ly/2ZYnyvRÂ 
2020-06-02,... âœŠğŸ»âœŠğŸ¼âœŠğŸ½âœŠğŸ¾âœŠğŸ¿ #blacklivesmatter #georgefloyd Ã  All Around the World  https://www.instagram.com/p/CA7Q_srCSt8/?igshid=4ql44tedjjn7Â â€¦
2020-06-02,Tá»”NG Há»¢P LINK Vá»¤ GEORGE FLOYD:  https://www.trelangblog.com/2020/06/tong-hop-link-vu-george-floyd.html#.XtYGy4Y6XW8.twitterÂ â€¦
2020-06-02,"George Floyd cháº¿t nhÆ° tháº¿ nÃ o trong 8 phÃºt 46 giÃ¢y?.
 https://vnexpress.net/george-floyd-chet-nhu-the-nao-trong-8-phut-46-giay-4108999.htmlÂ â€¦
#ICantBreathe"
2020-06-02,George Floyd cháº¿t nhÆ° tháº¿ nÃ o trong 8 phÃºt 46 giÃ¢y? - VnExpress  https://vnexpress.net/george-floyd-chet-nhu-the-nao-trong-8-phut-46-giay-4108999.htmlÂ â€¦
2020-06-02,"Motherfucker. He killed an innocent person
VnExpress : George Floyd cháº¿t nhÆ° tháº¿ nÃ o trong 8 phÃºt 46 giÃ¢y?.
 https://vnexpress.net/george-floyd-chet-nhu-the-nao-trong-8-phut-46-giay-4108999.htmlÂ â€¦

qua @GoogleNews"
2020-06-02,George Floyd cháº¿t nhÆ° tháº¿ nÃ o trong 8 phÃºt 46 giÃ¢y? - VnExpress  https://bit.ly/36RTOCdÂ 
2020-06-02,"ğŸ—£ğŸ“¢ğŸ—½
.
#sanjose #blackout #georgefloyd #fightthepower #sanjoseprotest #riots #policebrutality #dontshoot #civilrights #black #minority #forthepeople @ San Jose, California  https://www.instagram.com/p/CA62vm5lXfs/?igshid=x6wdjqsowkukÂ â€¦"
2020-06-02,"Spotify Ä‘á»ƒ thÃªm khoáº£nh kháº¯c im láº·ng 8: 46 phÃºt vÃ o danh sÃ¡ch phÃ¡t vÃ  podcast Ä‘á»ƒ vinh danh George Floyd
 https://www.tinmoiz.com/spotify-de-them-khoanh-khac-im-lang-8-46-phut-vao-danh-sach-phat-va-podcast-de-vinh-danh-george-floyd-354061/?_unique_id=5ed5d39854535Â â€¦"
2020-06-02,George Floyd cháº¿t nhÆ° tháº¿ nÃ o trong 8 phÃºt 46Â giÃ¢y?  https://gdvn.net/george-floyd-chet-nhu-the-nao-trong-8-phut-46-giay.htmlÂ â€¦
2020-06-02,Giá»›i bÃ³ng Ä‘Ã¡ pháº«n ná»™ vÃ  pháº£n á»©ng máº¡nh vá» cÃ¡i cháº¿t cá»§a Ã´ng George Floyd #news https://thanhnien.vn/the-thao/bong-da-quoc-te/gioi-bong-da-phan-no-va-phan-ung-manh-ve-cai-chet-cua-ong-george-floyd-115966.htmlÂ â€¦
2020-06-02,KhÃ¡m nghiá»‡m tá»­ thi chÃ­nh thá»©c káº¿t luáº­n George Floyd bá»‹ giáº¿t #news http://vietnamnet.vn/vn/the-gioi/kham-nghiem-tu-thi-chinh-thuc-ket-luan-george-floyd-bi-giet-645692.htmlÂ â€¦
2020-06-02,CÃ¡i Cháº¿t Cá»§a George Floyd VÃ  nhá»¯ng Cuá»™c Biá»ƒu TÃ¬nh TrÃªn NÆ°á»›c Má»¹ (Tuá»‡ VÃ¢n)  http://www.buctranhvancau.com/new-blog/2020/5/31/ci-cht-ca-george-floyd-v-nhng-cuc-biu-tnh-trn-nc-m-tu-vnÂ â€¦
2020-06-02,"CÃ¡i cháº¿t cá»§a ngÆ°á»i Ä‘Ã n Ã´ng da mÃ u George Floyd Ä‘ang khiáº¿n cÃ¡c cuá»™c biá»ƒu tÃ¬nh lan rá»™ng vÃ  vÆ°á»£t ra ngoÃ i nÆ°á»›c Má»¹.
NgÃ y 31/5, 3.500 ngÆ°á»i Ä‘Ã£ táº­p trung táº¡i Vancouver, hÃ´ vang â€œBlack Lives Matterâ€ (NgÆ°á»i da mÃ u Ä‘Ã¡ng Ä‘Æ°á»£c sá»‘ng) Ä‘á»ƒ pháº£n Ä‘á»‘i cÃ¡i cháº¿t cá»§a George Floyd  pic.twitter.com/RL0mFwMN1I"
2020-06-02,KhÃ¡m nghiá»‡m tá»­ thi Ä‘á»™c láº­p hÃ© lá»™ nguyÃªn nhÃ¢n cÃ¡i cháº¿t cá»§a George Floyd  https://traders.vn/kham-nghiem-tu-thi-doc-lap-he-lo-nguyen-nhan-cai-chet-cua-george-floyd.htmlÂ â€¦ qua @traders - Kinh táº¿ & Cuá»™c sá»‘ng
2020-06-02,â€œBitcoin sáº½ cá»©u chÃºng tÃ´iâ€ â€“ Tiá»n Ä‘iá»‡n tá»­ xuáº¥t hiá»‡n trong cÃ¡c cuá»™c biá»ƒu tÃ¬nh á»Ÿ Má»¹ sau cÃ¡i cháº¿t cá»§a George Floyd  https://toiyeubitcoin.com/bitcoin-xuat-hien-trong-cac-cuoc-bieu-tinh-o-my/Â â€¦ qua @TÃ´i YÃªu Bitcoin
2020-06-02,Vá»£ hoa háº­u quyáº¿t ly hÃ´n cáº£nh sÃ¡t Má»¹ ghÃ¬ cháº¿t George Floyd  https://traders.vn/vo-hoa-hau-quyet-ly-hon-canh-sat-my-ghi-chet-george-floyd.htmlÂ â€¦ qua @traders - Kinh táº¿ & Cuá»™c sá»‘ng
2020-06-02,"VÃ¬ sao cÃ³ sá»± khÃ¡c biá»‡t vá» káº¿t quáº£ giÃ¡m Ä‘á»‹nh giá»¯a phÃ¡p y â€œnhÃ  nÆ°á»›câ€ vÃ  phÃ¡p y Ä‘á»™c láº­p mang â€œhÆ¡i hÆ°á»›ngâ€ cÃ³ lá»£i cho â€œnhÃ  nÆ°á»›câ€?
Independent autopsy finds George Floyd died of homicide by asphyxia - @ABC News https://abcn.ws/2MlCgFiÂ "
2020-06-02,Káº¿t quáº£ giáº£o nghiá»‡m Ä‘á»™c láº­p: George Floyd cháº¿t vÃ¬ ngáº¡t thá»Ÿ: Há»a sÄ© Theo Ponchaveli váº½ lÃªn tÆ°á»ng cáº£nh náº¡n nhÃ¢n...  http://goo.gl/iO981LÂ 
2020-06-02,Vá»¥ George Floyd : HÃ¬nh áº£nh cá»§a nÆ°á»›c Má»¹ vá»›i hai máº§u Ä‘en-tráº¯ng?: amp  http://goo.gl/iO981LÂ 
2020-06-02,"KhÃ¡m nghiá»‡m phÃ¡p y: cÃ´ng dÃ¢n Má»¹ George Floyd cháº¿t do 'bá»‹ giáº¿t': TTO - Káº¿t quáº£ khÃ¡m nghiá»‡m phÃ¡p y cá»§a háº¡t Hennepin,..  http://goo.gl/iO981LÂ "
2020-06-02,"Vá»¥ George Floyd : Biá»ƒu tÃ¬nh táº¡i nhiá»u nÆ¡i, Washington ban hÃ nh lá»‡nh giá»›i nghiÃªm  http://rfi.my/5zQJ.TÂ  qua @RFI_Vi"
2020-06-02,"Tháº­t khÃ´ng may, cÃ³ má»™t sá»‘ ngÆ°á»i lÃ  náº¡n nhÃ¢n vÃ  cung cáº¥p cuá»™c sá»‘ng cá»§a há» Ä‘á»ƒ nhá»¯ng ngÆ°á»i khÃ¡c cÃ³ thá»ƒ nhÃ¬n tháº¥y.Â George Floyd lÃ  má»™t ngÆ°á»i nhÆ° váº­y"
2020-06-02,KhÃ¡m nghiá»‡m phÃ¡p y: cÃ´ng dÃ¢n Má»¹ George Floyd cháº¿t do 'bá»‹ giáº¿t' #news https://tuoitre.vn/kham-nghiem-phap-y-cong-dan-my-george-floyd-chet-do-bi-giet-20200602061421766.htmÂ â€¦
2020-06-02,BBC News Tiáº¿ng Viá»‡t - Vá»¥ George Floyd cháº¿t: Táº¡i sao biá»ƒu tÃ¬nh biáº¿n thÃ nh báº¡o Ä‘á»™ng?  https://www.bbc.com/vietnamese/world-52873106Â â€¦
2020-06-02,BBC News Tiáº¿ng Viá»‡t - Vá»¥ George Floyd cháº¿t: Táº¡i sao biá»ƒu tÃ¬nh biáº¿n thÃ nh báº¡o Ä‘á»™ng?  https://www.bbc.com/vietnamese/world-52873106Â â€¦
2020-06-02,"KhÃ¡m nghiá»‡m phÃ¡p y: cÃ´ng dÃ¢n Má»¹ George Floyd cháº¿t do 'bá»‹ giáº¿t'

XÃ³t xa bÃ© 18 thÃ¡ng tuá»•i tráº§n truá»“ng ngá»“i trong thÃ¹ng xá»‘p giá»¯a trÆ°a náº¯ng gay gáº¯t á»Ÿ HÃ  Ná»™i

Vá»¥ bá»‹ cÃ¡o tá»± tá»­ sau khi tÃ²a tuyÃªn Ã¡n: CÃ²n nhiá»u váº¥n Ä‘á» chÆ°a lÃ m rÃµ"
2020-06-02,Káº¿t quáº£ khÃ¡m nghiá»‡m tá»­ thi: George Floyd â€˜bá»‹Â giáº¿tâ€™  http://hoicodo.com/633934/ket-qua-kham-nghiem-tu-thi-george-floyd-bi-giet/Â â€¦
2020-06-02,Trong khi cÃ¡c cuá»™c báº¡o loáº¡n ná»•i lÃªn sau cÃ¡i cháº¿t cá»§a George Floyd váº«n tiáº¿p diá»…n thÃ¬ má»™t vÃ i bá»©c áº£nh vá» Ã¡p phÃ­ch liÃªn quan Ä‘áº¿n Bitcoin vÃ  cÃ¡c cuá»™c báº¡o loáº¡n Ä‘Ã£ xuáº¥t hiá»‡n trÃªn Twitter.   https://www.tapchibitcoin.vn/ap-phich-quang-cao-giua-luc-bao-loan-bitcoin-se-cuu-chung-ta-ceo-binance-keu-goi-bieu-tinh-btc-on-hoa.htmlÂ â€¦
2020-06-02,KhÃ¡m nghiá»‡p phÃ¡p y: cÃ´ng dÃ¢n Má»¹ George Floyd cháº¿t do 'bá»‹ giáº¿t' #news  https://tuoitre.vn/kham-nghiep-phap-y-cong-dan-my-george-floyd-chet-do-bi-giet-20200602061421766.htmÂ â€¦
2020-06-02,Vá»¥ George Floyd cháº¿t: Táº¡i sao biá»ƒu tÃ¬nh biáº¿n thÃ nh báº¡o Ä‘á»™ng?  https://bbc.in/3gI48BqÂ 
2020-06-02,"ThÃ´ng tin sai lá»‡ch vá» cuá»™c biá»ƒu tÃ¬nh cá»§a George Floyd Pháº«u thuáº­t trÃªn phÆ°Æ¡ng tiá»‡n truyá»n thÃ´ng xÃ£ há»™i

 https://www.tinmoiz.com/thong-tin-sai-lech-ve-cuoc-bieu-tinh-cua-george-floyd-phau-thuat-tren-phuong-tien-truyen-thong-xa-hoi-353898/?_unique_id=5ed5862edb693Â â€¦"
2020-06-02,"Luáº­t sÆ° cá»§a gia Ä‘Ã¬nh: George Floyd bá»‹ cháº¿t ngáº¡t vÃ¬ Ã¡p lá»±c kÃ©o dÃ i, káº¿t quáº£ khÃ¡m nghiá»‡m tá»­ thi theo bÃ¡c sÄ© tÆ° cá»§a giaÂ Ä‘Ã¬nh  http://thienhasu2018.com/2020/06/01/luat-su-cua-gia-dinh-george-floyd-bi-chet-ngat-vi-ap-luc-keo-dai-ket-qua-kham-nghiem-tu-thi-theo-bac-si-tu-cua-gia-dinh/Â â€¦"
2020-06-02,"#justiceforgeorgefloyd
#BlackLivesMatter #noracism #human #GeorgeFloyd
â¤ï¸âœŠğŸ¼âœŠğŸ½âœŠğŸ¾âœŠğŸ¿â¤ï¸ Ã  California City, California  https://www.instagram.com/p/CA50TGUDwsE/?igshid=14zpe73m0w5ubÂ â€¦"
2020-06-02,NHAI NHAI HOOOZZZZBAND
2020-06-02,"Ø¨Ùˆ Ø¹Ø²ÙŠØ²ÙŠ Ù¢Ù Ù¡Ù 
2020 George Floyd"
2020-06-02,".
  Trong tuáº§n qua, cÃ¡c cuá»™c biá»ƒu tÃ¬nh bÃ¹ng phÃ¡t sau khi má»™t cáº£nh sÃ¡t da tráº¯ng cÃ³ liÃªn quan cÃ¡i cháº¿t cá»§a Ã´ng George Floyd, má»™t ngÆ°á»i Ä‘Ã n Ã´ng da Ä‘en á»Ÿ thÃ nh phá»‘ Minneapolis, khiáº¿n hÃ ng ngÃ n ngÆ°á»i tá»¥ táº­p pháº£n Ä‘á»‘i táº¡i hÆ¡n 20 thÃ nh phá»‘ trÃªn toÃ n quá»‘c.  pic.twitter.com/nvlAi73QYy"
2020-06-01,R.I.P ManğŸ™ŒğŸ»â¤ï¸ #GeorgeFloyd  pic.twitter.com/gRNr0ync49
2020-06-01,"CÃ¡c cÃ´ng ty cÃ´ng nghá»‡ pháº£n á»©ng vá»›i cÃ¡i cháº¿t cá»§a George Floyd, sau Ä‘Ã³ lÃ  cÃ¡c cuá»™c biá»ƒ...
 https://www.tinmoiz.com/cac-cong-ty-cong-nghe-phan-ung-voi-cai-chet-cua-george-floyd-sau-do-la-cac-cuoc-bieu-tinh-va-phan-biet-chung-toc-co-he-thong-techcrunch-353702/?_unique_id=5ed5261ef3952Â â€¦"
2020-06-01,Lá»­a vÃ  giáº­n dá»¯ bao trÃ¹m nÆ°á»›c Má»¹ sau cÃ¡i cháº¿t cá»§a GeorgeÂ Floyd  http://hoicodo.com/633815/lua-va-gian-du-bao-trum-nuoc-my-sau-cai-chet-cua-george-floyd/Â â€¦
2020-06-01,KKKKKJKJKKJJKKMKKM
2020-06-01,CÃ´ng tá»‘ viá»‡n tiáº¿t lá»™ 30 phÃºt cuá»‘i cÃ¹ng trÆ°á»›c cÃ¡i cháº¿t cá»§a anh George Floyd  http://nelsonmcbs.com/2020/06/01/cong-to-vien-tiet-lo-30-phut-cuoi-cung-truoc-cai-chet-cua-anh-george-floyd/Â â€¦
2020-06-01,CÃ´ng tá»‘ viá»‡n tiáº¿t lá»™ 30 phÃºt cuá»‘i cÃ¹ng trÆ°á»›c cÃ¡i cháº¿t cá»§a anh George Floyd  http://nelsonmcbs.com/2020/06/01/cong-to-vien-tiet-lo-30-phut-cuoi-cung-truoc-cai-chet-cua-anh-george-floyd/Â â€¦
2020-06-01,PhÃ¡t biá»ƒu cá»§a TT Donald Trump vá» vá»¥ George Floyd  http://congsuong.com/2020/06/01/phat-bieu-cua-tt-donald-trump-ve-vu-george-floyd/Â â€¦
2020-06-01,"mÃ¬nh thá»±c sá»± bá»‹ Ã¡m áº£nh video vá» Ã´ng George Floyd...

#BlackLivesMatter"
2020-06-01,(Seeking Alpha) TÃ¬nh tráº¡ng báº¥t á»•n dÃ¢n sá»± tá»“i tá»‡ nháº¥t trong nhiá»u tháº­p ká»· ná»• ra trÃªn toÃ n nÆ°á»›c Má»¹ vÃ o cuá»‘i tuáº§n qua khi cÃ¡c cuá»™c biá»ƒu tÃ¬nh trá»Ÿ nÃªn dá»¯ dá»™i sau cÃ¡i cháº¿t cá»§a George Floyd khi bá»‹ cáº£nh sÃ¡t giam giá»¯.  https://tradingscenes.com/vi/b/tieu-diem-phien-sang-pho-wall-cuoc-bieu-tinh-them-vao-su-khong-on-dinh-cua-thi-truong/Â â€¦
2020-06-01,"Vá»¥ George Floyd : Biá»ƒu tÃ¬nh táº¡i nhiá»u nÆ¡i, Washington ban hÃ nh lá»‡nh giá»›i nghiÃªm  https://rfi.my/5zQP.tÂ  pic.twitter.com/Y7TsHRFjjM"
2020-06-01,Khoáº£ng 5.000 lÃ­nh Vá»‡ binh Quá»‘c gia Má»¹ Ä‘Ã£ Ä‘Æ°á»£c triá»ƒn khai Ä‘á»ƒ tuáº§n tra táº¡i hÃ ng chá»¥c tiá»ƒu bang lá»›n cá»§a Má»¹ trong ngÃ y 31/5 trong bá»‘i cáº£nh cÃ¡c cuá»™c biá»ƒu tÃ¬nh chá»‘ng phÃ¢n biá»‡t chá»§ng tá»™c vÃ  báº¡o lá»±c cáº£nh sÃ¡t Ä‘ang diá»…n ra sau cÃ¡i cháº¿t cá»§a George Floyd.  pic.twitter.com/pCkdTcPehr
2020-06-01,"Mark Zuckerberg cam káº¿t 10 triá»‡u Ä‘Ã´ la Ä‘á»ƒ chá»‘ng láº¡i sá»± báº¥t cÃ´ng chá»§ng tá»™c sau cuá»™c biá»ƒu tÃ¬nh cá»§a George Floyd
 https://www.tinmoiz.com/mark-zuckerberg-cam-ket-10-trieu-do-la-de-chong-lai-su-bat-cong-chung-toc-sau-cuoc-bieu-tinh-cua-george-floyd-353561/?_unique_id=5ed4d9f988f26Â â€¦"
2020-06-01,George Floyd bá»‹ cáº£nh sÃ¡t ghÃ¬ cá»• dáº«n Ä‘áº¿n tá»­ vong tháº¿ nÃ o? Tá»™i lá»—i tá»« 4 viÃªn cáº£nh sÃ¡t.  https://bit.ly/2TXP2OgÂ  http://vattunhiet.com/ct/gioang-ron-gasket-joint-gasket-ring-joint-spiral-wound-gasket-rubber-gasket-rockwool-roxul/63/ron-khong-amiang-tombo-no-1120.htmlÂ â€¦
2020-06-01,Thá»‘ng Ä‘á»‘c Minnesota: Biá»ƒu tÃ¬nh 'khÃ´ng cÃ²n' lÃ  vá» cÃ¡i cháº¿t cá»§a George Floyd  https://www.baoquocdan.org/2020/06/thong-oc-minnesota-bieu-tinh-khong-con.htmlÂ â€¦
2020-06-01,"BBC Tiáº¿ng Viá»‡t: Vá»¥ George Floyd cháº¿t: Táº¡i sao biá»ƒu tÃ¬nh biáº¿n thÃ nh báº¡o Ä‘á»™ng?.
 https://www.bbc.com/vietnamese/world-52873106Â â€¦

qua @GoogleNews"
2020-06-01,CÃ¡c nhÃ  bÃ¡n láº» Ä‘Ã£ bá»‹ táº¥n cÃ´ng bá»Ÿi Ä‘áº¡i dá»‹ch coronavirus Ä‘Ã£ Ä‘Ã³ng cá»­a cÃ¡c cá»­a hÃ ng trÃªn toÃ n quá»‘c vÃ o cuá»‘i tuáº§n qua khi cÃ¡c cuá»™c biá»ƒu tÃ¬nh vá» cÃ¡i cháº¿t cá»§a George Floyd trá»Ÿ nÃªn báº¡o lá»±c vÃ  bao gá»“m cÆ°á»›p bÃ³c á»Ÿ nhiá»u thÃ nh phá»‘ cá»§a Má»¹.  https://tradingscenes.com/vi/b/cuoc-bieu-tinh-tren-toan-quoc-buoc-dong-cua-ban-le/Â â€¦
2020-06-01,Lá»™ video George Floyd váº­n lá»™n vá»›i cáº£nh sÃ¡t -  https://vietnamnet.vn/vn/the-gioi/lo-video-george-floyd-van-lon-voi-canh-sat-645451.htmlÂ â€¦
2020-06-01,Lá»™ video George Floyd váº­n lá»™n vá»›i cáº£nhÂ sÃ¡t  https://nghethuatvn.com/lo-video-george-floyd-van-lon-voi-canh-sat.htmlÂ â€¦
2020-06-01,George Floyd bá»‹ cáº£nh sÃ¡t ghÃ¬ cá»• dáº«n Ä‘áº¿n tá»­ vong tháº¿ nÃ o?  https://bit.ly/2TXP2OgÂ 
2020-06-01,"Báº¡o Ä‘á»™ng táº¡i Má»¹: CÃ¡i cháº¿t cá»§a George Floyd - Giá»t nÆ°á»›c trÃ n ly
         
         http://kinhtedothi.vn/bao-dong-tai-my-cai-chet-cua-george-floyd-giot-nuoc-tran-ly-385784.htmlÂ â€¦
 https://sunshinecity-saigon.com/Â  â€¦ https://du-an-sunshine-city-saigon.business.site/Â  https://www.google.com/maps?cid=906951923398546739Â â€¦"
2020-06-01,Lá»™ video George Floyd váº­n lá»™n vá»›i cáº£nh sÃ¡t #news http://vietnamnet.vn/vn/the-gioi/lo-video-george-floyd-van-lon-voi-canh-sat-645451.htmlÂ â€¦
2020-06-01,PhÃ¢n biá»‡t chá»§ng tá»™c á»Ÿ Má»¹ Ä‘Ã£ tá»“n táº¡i quÃ¡ nhiá»u nÄƒm nay. VÃ  cÃ¡i cháº¿t cá»§a George Floyd chá»‰ nhÆ° giá»t nÆ°á»›c trÃ n ly. R.I.P #JusticeForGeorgeFloyd
2020-06-01,George Floyd Váº½ tranh chÃ¢n dung | Justice for George Floyd | Painting | ...  https://youtu.be/9gOnN8EyBiEÂ  via @YouTube
2020-06-01,"Má»™t tÃ¡c pháº©m nghá»‡ thuáº­t á»§ng há»™ phong trÃ o biá»ƒu tÃ¬nh â€œTÃ´i khÃ´ng thá»ƒ thá»Ÿâ€ bÃ¡n Ä‘Æ°á»£c 7 ETH chá»‰ sau 6 giá» Ä‘áº¥u giÃ¡ #GeorgeFloyd
 https://www.tapchibitcoin.vn/mot-tac-pham-nghe-thuat-ung-ho-phong-trao-bieu-tinh-toi-khong-the-tho-ban-duoc-7-eth-chi-sau-6-gio-dau-gia.htmlÂ â€¦ pic.twitter.com/Ye987G8OFR"
2020-06-01,"Má»™t nghá»‡ sÄ© tiá»n Ä‘iá»‡n tá»­ Ä‘Ã£ bÃ¡n tÃ¡c pháº©m nghá»‡ thuáº­t â€œI Canâ€™t Breatheâ€ (TÃ´i khÃ´ng thá»ƒ thá»Ÿ) cá»§a mÃ¬nh trÃªn máº¡ng xÃ£ há»™i phi táº­p trung Ä‘Æ°á»£c há»— trá»£ bá»Ÿi blockchain. #GeorgeFloyd
 https://www.tapchibitcoin.vn/mot-tac-pham-nghe-thuat-ung-ho-phong-trao-bieu-tinh-toi-khong-the-tho-ban-duoc-7-eth-chi-sau-6-gio-dau-gia.htmlÂ â€¦"
2020-06-01,"HÆ¡n 600 ngÆ°á»i biá»ƒu tÃ¬nh Ä‘Ã£ bá»‹ báº¯t giá»¯ á»Ÿ New York, vÃ  khoáº£ng 33 sÄ© quan cáº£nh sÃ¡t bá»‹ thÆ°Æ¡ng trong cÃ¡c cuá»™c biá»ƒu tÃ¬nh liÃªn quan Ä‘áº¿n cÃ¡i cháº¿t cá»§a ngÆ°á»i Ä‘Ã n Ã´ng da Ä‘en George Floyd á»Ÿ thÃ nh phá»‘ Minneapolis, bang Minnesota, Má»¹ trong ba ngÃ y qua.  pic.twitter.com/PrDfOfvRJE"
2020-06-01,"Jadon Sancho Ä‘Ã£ ghi cÃº Hattrick sÄƒn vÃ  ká»· niá»‡m Ä‘á»ƒ vinh danh cÃ´ng lÃ½ cho George Floyd
#12BETVietnam #vietnam ThÃ¡ng 6 HÃ  Ná»™i pic.twitter.com/u4gYJkwduU"
2020-06-01,"Vá»¥ George Floyd: Biá»ƒu tÃ¬nh, báº¡o Ä‘á»™ng tiáº¿p diá»…n táº¡i nhiá»u thÃ nh phá»‘ Má»¹: Tá»‘i hÃ´m qua 30/05/2020, biá»ƒu tÃ¬nh, Ä‘á»¥ng Ä‘á»™...  http://goo.gl/iO981LÂ "
2020-06-01,"ğ“³ğ“³GEORGE FLOYD
ğ“³ğ“³êª®êª¶ğ“²á¦”ğ˜´êª–êª–á »á§á¥´á¦”ğ˜³ğ“½
ğ“³á¥‡êªœğ˜´á­™ğ˜³êªŠğ˜¬êª¶êª¶ğ˜¬êª—ğ˜³á¦”ğ˜´á¥Šá¥´"
2020-06-01,"05.31.20 -ğŸ“san jose, california 
#protests2020 #BLACK_LIVES_MATTER #georgefloyd  pic.twitter.com/Pv69ZQJl8E"
2020-06-01,"Amazon Ä‘Ã£ tweet má»™t tuyÃªn bá»‘ á»§ng há»™ ngÆ°á»i biá»ƒu tÃ¬nh George Floyd
 https://www.tinmoiz.com/amazon-da-tweet-mot-tuyen-bo-ung-ho-nguoi-bieu-tinh-george-floyd-353248/?_unique_id=5ed421e763ad4Â â€¦"
2020-06-01,"TV256 vá»›i cÃ¡i cháº¿t cá»§a George Floyd, vÃ  lá»i kÃªu gá»i xuá»‘ng Ä‘Æ°á»ng toÃ n quá»‘...  https://youtu.be/gRhTrJdZCVYÂ  via @YouTube"
2020-06-01,BQQM ğŸ’¥ #AntifaTerrorists #GeorgeFloyd #ICantBreathe #BLM #blacklivesmatter #riots #goons #thugs #UnitedWeStand #NotDivided #wwg1wg #QAnons #Patriot #MAGA #Trump2020 #KAG https://twitter.com/realDonaldTrump/status/1267129644228247552Â â€¦
2020-05-31,ÄÃ³. #trumpmeltdown #GeorgeFloyd #thursdaythoughts #USAProtest #USAProtests #usapolice #USA2Space #USAToday #UKlockdown #ukog #Ukraine #uksmallbiz #UKMFG #UK #UKVCAS #Japanese #Japan #Japaneseidol #Japonesas #BTSARMY #BTS #BTSV #nnevvy #nnevyy #nnevvyy #saigon #Vietnam nháº­t korea
2020-05-31,"TÃ‚M AN Tá»”NG Há»¢P BÃŒNH LUáº¬N Vá»€ Vá»¤ Báº O LOáº N vÃ¬ cáº£nh sÃ¡t Da Tráº¯ng giáº¿t háº¡i ng da Ä‘en George Floyd
 https://youtu.be/-mM8Cv3XgRkÂ "
2020-05-31,"DÄ© nhiÃªn, George Floyd chá»‰ lÃ  cÃº Ä‘áº©y cuá»‘i cÃ¹ng cho ngÆ°á»i ta bay xuá»‘ng vá»±c. NgÆ°á»i dÃ¢n lao Ä‘á»™ng Má»¹ Ä‘Ã£ bá»©c xÃºc Ã¢m tháº§m khÃ´ng biáº¿t há»“i nÃ o. ThiÃªn Ä‘Æ°á»ng kÃ­nh táº¿ giÃ u cÃ³, vÄƒn hÃ³a Ä‘á»‰nh cao cá»§a bá»n me tÃ¢y VN chá»‰ lÃ  giáº£ dá»‘i. KhÃ´ng cÃ³ gÃ¬ nÃ³i lÃªn Ä‘iá»u nÃ y rÃµ hÆ¡n bÃ¢y h."
2020-05-31,"ThÃ nh phá»‘ Má»¹ chÃ¬m trong báº¡o loáº¡n
SÄ© quan cáº£nh sÃ¡t, ngÆ°á»i Ä‘Ã£ giáº¿t George Floyd, má»™t ngÆ°á»i Ä‘Ã n Ã´ng da Ä‘en, 46 tuá»•i khÃ´ng cÃ³ vÅ© trang, á»Ÿ thÃ nh phá»‘ Minneapolis, bang Minnesota, Má»¹ tá»‘i ngÃ y 25/5 Ä‘Ã£ lÃ m dáº¥y lÃªn lÃ n sÃ³ng pháº«n ná»™ trÃªn kháº¯p nÆ°á»›c Má»¹.  pic.twitter.com/I82IbEgMkV"
2020-05-31,"Há» Ä‘ang quÃ¡ khÃ­ch vÃ  1 sá»‘ ngÆ°á»i thÃ¬ lá»£i dá»¥ng Ä‘á»ƒ thá»a mÃ£n cÆ¡n Ä‘Ã³i khÃ¡t cÅ©ng nhÆ° Ä‘á»“ dÃ¹ng hÃ ng hÃ³a. ÄÃ³ cháº¯c cháº¯n khÃ´ng pháº£i lÃ  Ä‘iá»u George Floyd muá»‘n.... Há» Ä‘ang phÃ¡ há»§y nÆ°á»›c Má»¹ . HÃ£y ngá»«ng bá»‹ lá»£i dá»¥ng, hÃ£y biá»ƒu tÃ¬nh hÃ²a bÃ¬nh"
2020-05-31,"Thá»§ Ä‘Ã´ Washington tiáº¿p tá»¥c chÃ¬m trong biá»ƒu tÃ¬nh báº¡o lá»±c sau cÃ¡i cháº¿t cá»§a George Floyd
Thá»§ Ä‘Ã´ Washington D.C cá»§a Má»¹ tiáº¿p tá»¥c cÃ¡c cuá»™c biá»ƒu tÃ¬nh báº¡c lá»±c xung quanh cÃ¡i cháº¿t cá»§a ngÆ°á»i Má»¹ gá»‘c Phi George Floyd bá»‹ cáº£nh sÃ¡t ghÃ¬ cá»• cháº¿t.  pic.twitter.com/YxrVkaa4yf"
2020-05-31,"TÃ´i ráº¥t buá»“n cho George Floyd vÃ  gia Ä‘Ã¬nh cá»§a anh áº¥y. NhÆ°ng tÃ´i chá»‰ tháº¥y cÃ¡c báº¡n Ä‘ang phÃ¡ há»§y Ä‘áº¥t nÆ°á»›c cá»§a cÃ¡c báº¡n, Ä‘á»«ng tiáº¿p tay cho nhá»¯ng káº» Ä‘ang lá»£i dá»¥ng cÃ¡c báº¡n vÃ  hÃ£y biá»ƒu tÃ¬nh hÃ²a bÃ¬nh, giá»¯ an toÃ n trong dá»‹ch COVID, LÃ€M Æ N.
#JusticeForGeorgeFloyd"
2020-05-31,"Vá»¥ George Floyd: Biá»ƒu tÃ¬nh, báº¡o Ä‘á»™ng tiáº¿p diá»…n táº¡i nhiá»u thÃ nh phá»‘ Má»¹  https://rfi.my/5zAp.tÂ  pic.twitter.com/Uxm5FLwgKg"
2020-05-31,Anh trai Ã´ng George Floyd nÃ³i TT Trump khÃ´ng cho Ã´ng cÆ¡ há»™i lÃªn tiáº¿ng trÃªn Ä‘iá»‡n thoáº¡i  https://www.nguoi-viet.com/hoa-ky/anh-trai-ong-george-floyd-noi-tt-trump-khong-cho-ong-co-hoi-len-tieng-tren-dien-thoai/#.XtOvPTpWIq0.twitterÂ â€¦
2020-05-31,"ÄÃºng rá»“i áº¡, ww má»i ng Ä‘ang dÃ nh cÃ´ng lÃ½ cho  ng da Ä‘en (justice for george floyd) nÃªn mai ko cÃ³ Ä‘áº©y #"
2020-05-31,Orange County biá»ƒu tÃ¬nh pháº£n Ä‘á»‘i cÃ¡i cháº¿t cá»§a Ã´ng George Floyd  https://www.nguoi-viet.com/nvtv-phong-su/nvtv-phong-su-cong-dong/orange-county-bieu-tinh-phan-doi-cai-chet-cua-ong-george-floyd/#.XtOmyGxW7t8.twitterÂ â€¦
2020-05-31,"Biá»ƒu tÃ¬nh, báº¡o loáº¡n vÃ¬ George Floyd táº¡i SanÂ Jose  https://vietvalley.com/biu-tinh-bo-lon-vi-george-floyd-ti-san-jose/Â â€¦"
2020-05-31,Mbappe Ä‘Ã²i cÃ´ng lÃ½ cho cÃ´ng dÃ¢n Má»¹ da mÃ u George Floyd  http://dlvr.it/RXhzR9Â  pic.twitter.com/61mmLfr2Zv
2020-05-31,"Live Biá»ƒu TÃ¬nh Vá»¥ George Floyd Táº¡i TP Orange; Báº¡o Äá»™ng á» Má»¹, Luáº­t Má»¹ Xá»­ ...  https://youtu.be/h2Y-OjnblcIÂ  via @YouTube"
2020-05-31,Má»¹ láº¡i sÃ´i sá»¥c khi cáº£nh sÃ¡t tÃ´ng xe vÃ o ngÆ°á»i biá»ƒu tÃ¬nh vá»¥ GeorgeÂ Floyd  http://hoicodo.com/633201/my-lai-soi-suc-khi-canh-sat-tong-xe-vao-nguoi-bieu-tinh-vu-george-floyd/Â â€¦
2020-05-31,Thá»‘ng Ä‘á»‘c Minnesota: Biá»ƒu tÃ¬nh 'khÃ´ng cÃ²n' lÃ  vá» cÃ¡i cháº¿t cá»§a George Floyd  https://bbc.in/3dlalkxÂ 
2020-05-31,"Thá»i Sá»± vá»›i Gia ThÃ nh: Cuá»™c biá»ƒu tÃ¬nh Ä‘Ã²i cÃ´ng lÃ½ cho Ã´ng George Floyd thÃ nh báº¡o loáº¡n lan Ä‘áº¿n Cali vÃ  nhiá»u tiá»ƒu bang, thÃ nh phá»‘ á»Ÿ Hoa Ká»³
 https://www.youtube.com/watch?v=w1dqAt9gHV0Â â€¦"
2020-05-31,Orange County biá»ƒu tÃ¬nh pháº£n Ä‘á»‘i cÃ¡i cháº¿t cá»§a Ã´ng George Floyd  https://youtu.be/Xo0dT6XEYU4Â  qua @YouTube
2020-05-31,ØªØ§Ø¹Øª George Floyd
2020-05-31, https://www.facebook.com/mylinh.nguyen.5454/posts/10218960400427099Â â€¦ George Floyd (USA) VS. LÃª ÄÃ¬nh KÃ¬nh (VN)
2020-05-31,Cáº£nh sÃ¡t Má»¹ báº¯t giá»¯ hÆ¡n 500 ngÆ°á»i quÃ¡ khÃ­ch pháº£n Ä‘á»‘i vá»¥ GeorgeÂ Floyd  http://hoicodo.com/633131/canh-sat-my-bat-giu-hon-500-nguoi-qua-khich-phan-doi-vu-george-floyd/Â â€¦
2020-05-31,"#FightTheGoodFight #POCDeservePeaceTOO #POCDESERVETHERIGHTTOLIFETOO #POCDoNotDeserveToDieATtheHANDSofPoliceOVERandOverAgain ... #SayHisName #GeorgeFloyd âœŠğŸ¼ @ Piru, California  https://www.instagram.com/p/CA1vErGgt6Z/?igshid=higvyjjv8opjÂ â€¦"
2020-05-31,"Cáº£ tháº¿ giá»›i Ä‘au Ä‘á»›n, xÃ³t thÆ°Æ¡ng George Floyd vá»›i hÃ¬nh áº£nh nÃ y, nháº¥t lÃ  nhá»¯ng bÃ  máº¹, táº¡i sao há» láº¡i Ä‘á»‘i xá»­ vá»›i ngÆ°á»i da mÃ u nhÆ° váº­y, má»™t tháº¿ giá»›i Ä‘áº¡i Ä‘á»“ng, yÃªu thuong con ngÆ°á»i á»Ÿ Ä‘Ã¢u? TÃ´i liÃªn tÆ°á»Ÿng Ä‘áº¿n Ä‘áº¡i dá»‹ch Covid vÃ¬ sao há» khÃ´ng ngÄƒn cáº£n tá»« Ä‘áº§u  pic.twitter.com/s1Znf7k2rC"
2020-05-31,Hoa Ká»³ & Minnesota Biá»ƒu tÃ¬nh cho CÃ´ng LÃ½ George Floyd hay Biá»ƒu TÃ¬nh chÃ­n...  https://youtu.be/p-iVkOaC9WUÂ  via @YouTube
2020-05-31,Biá»ƒu tÃ¬nh táº¡i White House vá» vá»¥ ngÆ°á»i Má»¹ Ä‘en George Floyd bá»‹ cháº¿t vÃ¬ cáº£nh sÃ¡t quÃ¡Â tay  http://thienhasu2018.com/2020/05/30/bieu-tinh-tai-white-house-ve-vu-nguoi-my-den-george-floyd-bi-chet-vi-canh-sat-qua-tay/Â â€¦
2020-05-31,Má»¹: Báº¯t giá»¯ hÃ ng trÄƒm Ä‘á»‘i tÆ°á»£ng quÃ¡ khÃ­ch pháº£n Ä‘á»‘i vá»¥ George Floyd  https://www.vietnamplus.vn/my-bat-giu-hang-tram-doi-tuong-qua-khich-phan-doi-vu-george-floyd/643038.vnpÂ â€¦
2020-05-31,ğŸ“¹ Vá»£ cá»§a Derek Ä‘Ã£ Ä‘á»‡ Ä‘Æ¡n ly hÃ´n sau vá»¥ giáº¿t George Floyd Morning Coffee wiâ€¦  https://tmblr.co/ZJUaVXYPBrQWaq01Â â€¦
2020-05-31,Vá»£ cá»§a Derek Ä‘Ã£ Ä‘á»‡ Ä‘Æ¡n ly hÃ´n sau vá»¥ giáº¿t George Floyd Morning Coffee wi...  https://youtu.be/CLm6IvwqfJ8Â  via @YouTube
2020-05-31,RIP tÃ´ George Floyd ğŸ˜”  pic.twitter.com/8ujka4k7wm
2020-05-31,Ù¾ÙˆÙ„ÛŒØ³ Ø¨Ú¾Ù„Û’ Ø§Ù…Ø±ÛŒÚ©Û ÛÛŒ Ú©ÛŒ Ú©ÛŒÙˆÚº Ù†Ø§ ÛÙˆ ÙˆÛ ÙˆØ­Ø´ÛŒ ÛÛŒ ÛÙˆØªÛŒ ÛÛ’  George Floyd protests: man killed in Detroit as demonstrations rage across US â€“ as it happened  https://www.theguardian.com/us-news/live/2020/may/29/george-floyd-killing-protests-minneapolis-minnesota-us-twitter-donald-trump-latest-news-liveÂ â€¦
2020-05-31,"BBC News Tiáº¿ng Viá»‡t - CÃ¡i cháº¿t cá»§a George Floyd: Cá»±u cáº£nh sÃ¡t Derek Chauvin bá»‹ khá»Ÿi tá»‘  https://www.bbc.com/vietnamese/world-52857260Â â€¦
Let throw Chauvin into the jail for lifetime!!!"
2020-05-31,"San Jose California

 #GeorgeFloyd #BreonnaTaylor #EricGarner #TrayvonMartin #MikeBrown #OscarGrant pic.twitter.com/IHi2rD9BXz"
2020-05-31,TDVN #392 biá»ƒu tÃ¬nh vá» vá»¥ giáº¿t George Floyd táº¡i Ä‘Ã i Truyá»n HÃ¬nh CNN (Atl...  https://youtu.be/ymcwFVaxS-IÂ  via @YouTube
2020-05-30,"Ninu gbogbo Ã¬wÃ  Ã¬kÃ  Ã¨nÃ¬yÃ n sÃ¬ Ã¨nÃ¬yÃ n áº¹gbáº¹Ì ráº¹ tÃ³ Å„ lá» lowolowo ni Ã gbÃ¡yÃ©, a kÃ² lÃ¨ sa lÃ¡Ã¬ mÃ¡a gbÃ dÃºrÃ  wÃ­pÃ©
Kristi kÃ­ Ã¬já»ba Ráº¹ dÃ©. 
Ookun bole sibe, 
Ni ile keferi: 
Dide 'Rawo ooro, 
Dide, mase wo mo. 
Amin.
#BlackLivesMatter #GeorgeFloyd #AtlantaRiot #dallasprotest"
2020-05-30,Má»¹: BIá»‚U TÃŒNH KHáº®P NÆ I BÃ€Y Tá» PHáºªN Ná»˜ Vá»¤ GEORGE FLOYD:  https://www.trelangblog.com/2020/05/my-bieu-tinh-khap-noi-bay-to-phan-no-vu.html#.XtH80b0t0UI.twitterÂ â€¦
2020-05-30,"(+)Tháº­t sá»± hÃ´m qua mk má»›i tÃ¬m hiá»ƒu kÄ© cÃ ng vá» chuyá»‡n cá»§a Ã´ng George Floyd, mÃ¬nh má»›i biáº¿t Ä‘Æ°á»£c  má»i chuyá»‡n phá»©c táº¡p hÆ¡n ráº¥t ráº¥t nhiá»u, Ä‘au lÃ²ng láº¯m. vÃ¬ Ä‘Ã¢y lÃ  chuyá»‡n há»‡ trá»ng nÃªn nÃ³ ráº¥t Ã¡p lá»±c. Tá»‘i qua, nhÆ° má»™t cÆ¡n Ã¡c má»™ng váº­y (+) 
#BlackLivesMatters"
2020-05-30,"Äá»ƒ bÃ y tá» sá»± tÃ´n trá»ng cho vá»¥ viá»‡c Ã´ng George Floyd Ä‘Ã£ máº¥t vÃ¬ bá»‹ báº¡o hÃ nh bá»Ÿi má»™t viÃªn sÄ© quan cáº£nh sÃ¡t phÃ¢n biá»‡t chá»§ng tá»™c.
HÃ£y trend hashtag #BlacksLiveMatter Ä‘á»ƒ cÃ¹ng Ä‘Æ°a vá»¥ viá»‡c ra Ã¡nh sÃ¡ng , khiáº¿n cho sÄ© quan cáº£nh sÃ¡t da tráº¯ng Ä‘Ã³ nháº­n hÃ¬nh pháº¡t"
2020-05-30,"#fuckthepolice #blacklivesmatter #georgefloyd #icantbreathe #sanjose #protest @ San Jose, California  https://www.instagram.com/p/CAzAW4QDtIB/?igshid=1cavsf16n55uqÂ â€¦"
2020-05-30,"#morningmeditations #blacklivesmatter #georgefloyd #ahmaudarbery #breonnataylor @ Da Nang, Vietnam  https://www.instagram.com/p/CAy_4tVFplq/?igshid=irmtlijbxdevÂ â€¦"
2020-05-30,"#OHCHR HQ Must be Ø¹Ù†Ø¯Ù†Ø§
#GeorgeFloyd"
2020-05-30,TDVN #389 Má»™t nhÃ³m pháº£n Ä‘á»‘i cÃ¡i cháº¿t bá»‹ giam giá»¯ cá»§a George Floyd Ä‘ang c...  https://youtu.be/046XRPxF6vIÂ  via @YouTube
2020-05-30,Ù…Ù‚ØªÙ„ George Floyd
2020-05-30,CÃ¡i cháº¿t cá»§a George Floyd: Cá»±u cáº£nh sÃ¡t Derek Chauvin bá»‹ khá»Ÿi tá»‘  https://bbc.in/2ZTj2P9Â 
2020-05-30,""" The voice of your brotherâ€™s blood cries out to Me from the ground, Gen 4:10""

ØµÙÙˆÙ’ØªÙ Ø¯ÙÙ…Ù Ø£ÙØ®ÙÙŠÙƒÙ ØµÙØ§Ø±ÙØ®ÙŒ Ø¥ÙÙ„ÙÙŠÙÙ‘ Ù…ÙÙ†Ù Ø§Ù„Ø£ÙØ±Ù’Ø¶Ù. (ØªÙƒÙˆÙŠÙ† Ù¤:Ù¡Ù ) 

Rest in peace George Floyd  https://twitter.com/kirolos_wahba/status/1266372194491224065Â â€¦"
2020-05-29,TDVN #386 hÃ´i cá»§a táº¡i Target sau khi George Floyd (ng da Ä‘en) bá»‹ cáº£nh sÃ¡...  https://youtu.be/tAhVfZQCiuUÂ  via @YouTube
2020-05-29,"R.I.P man âœŒğŸ˜
#GeorgeFloyd #StopRacism #BlackLoveMatter"
2020-05-29,"Náº¿u cÃ¡c báº¡n lÃ  nhá»¯ng ngÆ°á»i Viá»‡t Nam biáº¿t tiáº¿ng Anh táº¡i Viá»‡t Nam thÃ¬ hÃ£y tweet #BlackLivesMatter, Ä‘á»•i VPN sang MÄ© Ä‘á»ƒ kÃ­ tÃªn vÃ o Ä‘Æ¡n kiáº¿n nghá»‹ Ä‘á»ƒ xÃ©t xá»­ nhá»¯ng cáº£nh sÃ¡t Ä‘Ã£ sÃ¡t háº¡i #GeorgeFloyd nhÃ©"
2020-05-29,"""Ãnh sÃ¡ng trÃªn Ä‘áº§u tháº§n Tá»± Do tá»a rá»™ng kháº¯p trá»i xanh, cÃ²n dÆ°á»›i chÃ¢n tÆ°á»£ng tháº§n Tá»± Do thÃ¬ ngÆ°á»i da Ä‘en Ä‘ang bá»‹ chÃ  Ä‘áº¡p; sá»‘ pháº­n ngÆ°á»i phá»¥ ná»¯ bá»‹ chÃ  Ä‘áº¡p. Bao giá» ngÆ°á»i da Ä‘en Ä‘Æ°á»£c bÃ¬nh Ä‘áº³ng vá»›i ngÆ°á»i da tráº¯ng?..."" - Ho Chi Minh #GeorgeFloyd"
2020-05-29,ØªØ¹Ø±Ù Ù‚ØµØ© George Floyd
2020-05-29,"Twitter Ä‘Ã£ Ä‘Æ°a ra má»™t cáº£nh bÃ¡o trÃªn má»™t tweet cá»§a Trump vá» cÃ¡c cuá»™c báº¡o loáº¡n cá»§a George Floyd vÃ¬ 'tÃ´n vinh...
 https://www.tinmoiz.com/twitter-da-dua-ra-mot-canh-bao-tren-mot-tweet-cua-trump-ve-cac-cuoc-bao-loan-cua-george-floyd-vi-ton-vinh-bao-luc-351709/?_unique_id=5ed0c498dae6aÂ â€¦"
2020-05-29,#BlackLivesMatter âœŠğŸ¾âœŠğŸ¿âœŠğŸ½ #GeorgeFloyd #justice #prayfortheworld Ã  California  https://www.instagram.com/p/CAw66DHDW6l/?igshid=5xjgfz3hcux5Â â€¦
2020-05-29,CÃ¡c cuá»™c biá»ƒu tÃ¬nh leo thang vá» cÃ¡i cháº¿t cá»§a George Floyd táº¡i cÃ¡c thÃ nh phá»‘ trÃªn kháº¯p Ä‘áº¥t nÆ°á»›c  https://ift.tt/3evETAqÂ 
2020-05-29,"#JusticeForGeorgeFloyd
THIS VIDEO SHOWED GEORGE FLOYD DID NOT RESIST ARREST
Miana police = Punjab police
Ù„Ú¯ Ø±ÛØ§ ÛÛ’ Ù…ÛŒØ§Ù†Ø§ Ù¾ÙˆÙ„ÛŒØ³ Ù†Û’ Ù¾Ù†Ø¬Ø§Ø¨ Ù¾ÙˆÙ„ÛŒØ³ Ø³Û’ Ù¹Ø±ÛŒÙ†Ù†Ú¯ Ù„ÛŒ ÛÛ’Û”  pic.twitter.com/KfXAAxwYQr"
2020-05-29,Ù…ÙˆØª George Floyd
2020-05-29,"(èª¤)George Floyds
(æ­£)George Floyd"
2020-05-29,"#blacklivesmatter #georgefloyd #icantbreathe #neveragain Ã  San Francisco, California  https://www.instagram.com/p/CAvgK-fAD6Z/?igshid=i0or5500jcnvÂ â€¦"
2020-05-29,"R.I.P.  George Floyd, R.I.P.  USA"
2020-05-29,CÃ³ anh nÃ y tÃªn lÃ  george floyd á»Ÿ bÃªn mÄ©. Bá»‹ cáº£nh sÃ¡t Ä‘Ã¨ ngáº¹t thá»Ÿ trong khi ko lÃ m j háº¿t. Anh Ä‘Ã³ cháº¿t tá»™i láº¯m luÃ´n. E Ä‘ang tá»©c láº¯m Ä‘Ã¢y nÃ¨ #BlackLivesMatter
2020-05-28,"Xin chÃ o cÃ¡c cÃ´, cÃ¡c chÃº, dÃ¬, dÆ°á»£ng, cáº­u, má»£, anh, chá»‹, em, bá»¯a nay cÃ³ Ä‘iÃªu ráº¥t quan trá»ng. ngÃ y 25 thÃ¡ng 5, 2020, Ã´ng má»¹ Ä‘en tÃªn George Floyd bá»‹ cáº£nh sÃ¡t giáº¿t cháº¿t! chuyá»‡n nÃ y xáº£y ra á»Ÿ Minneapolis."
2020-05-28,"Nhá»¯ng káº» luÃ´n cÃ³ suy nghÄ© phÃ¢n biá»‡t chá»§ng tá»™c,kÃ¬ thá»‹ ngÆ°á»i da mÃ u hay ngÆ°á»i dÃ¢n á»Ÿ chÃ¢u lá»¥c khÃ¡c tháº­t Ä‘Ã¡ng ghÃª tá»ŸmğŸ˜· R.I.P George Floyd, anh Ä‘Ã¡ng cÃ³ má»™t cuá»™c sá»‘ng tá»‘t Ä‘áº¹p hÆ¡n ğŸ˜ #JusticeForGeorgeFloyd pic.twitter.com/1Z82Z0f084"
2020-05-28,Báº¡n cÃ³ thá»ƒ nháº¥n vÃ´ hashtag Ä‘á»ƒ biáº¿t rÃµ hÆ¡n nha. Vá»¥ a George Floyd ngÆ°á»i da mÃ u bá»‹ cáº£nh sÃ¡t Ä‘Ã¨ tá»›i ngháº¹t thá»Ÿ
2020-05-28,"Náº¿u tháº¥y twt nÃ y thÃ¬ mn hÃ£y cmt #BlackLivesMatter ko chá»‰ Ä‘Ã²i láº¡i cÃ´ng báº±ng cho gia Ä‘Ã¬nh vÃ  anh áº¥y(George Floyd) mÃ  cÃ²n cho toÃ n thá»ƒ ngÆ°á»i da Ä‘en Ä‘Ã£, Ä‘ang vÃ  sáº¯p gáº·p nhá»¯ng Ä‘iá»u ko may máº¯n áº¥y nx.  pic.twitter.com/7ttFGcJjD5"
2020-05-28,"Äá»ƒ bÃ y tá» sá»± tÃ´n trá»ng cho vá»¥ viá»‡c Ã´ng George Floyd Ä‘Ã£ máº¥t vÃ¬ bá»‹ báº¡o hÃ nh bá»Ÿi má»™t viÃªn sÄ© quan cáº£nh sÃ¡t phÃ¢n biá»‡t chá»§ng tá»™c.
HÃ£y trend hashtag #BlacksLiveMatter Ä‘á»ƒ cÃ¹ng Ä‘Æ°a vá»¥ viá»‡c ra Ã¡nh sÃ¡ng , khiáº¿n cho sÄ© quan cáº£nh sÃ¡t da tráº¯ng Ä‘Ã³ nháº­n hÃ¬nh pháº¡t"
2020-05-28,"V-army Æ¡i, máº¥y cáº­u sign cÃ¡i nÃ y cÃ¹ng I-army khÃ¡c nhÃ©. zip code cÃ³ thá»ƒ tra trÃªn máº¡ng.
I just signed a petition to demand that the 4 police officers involved in murdered George Floyd be arrested and charged immediately. You should too:  https://go.theactionpac.com/sign/justice-for-george-floyd?akid=s294360..7EP3AwÂ â€¦"
2020-05-28,"KHÃ”NG TREND Báº¤T Ká»² HASTAG NÃ€O Ká»‚ Cáº¢ KHI BIG TO THE HIT ÄÃNH ÃšP CHÃšNG TA, HÃƒY TÃ”N TRá»ŒNG VIá»†C Ã”NG GEORGE FLOYD ÄÃƒ Tá»ªNG Bá»Š Báº O HÃ€NH Bá»I Má»˜T VIÃŠN Cáº¢NH SÃT PHÃ‚N BIá»†T CHá»¦NG Tá»˜C
""I CAN'T  BREATHE""
#BlacksLiveMatter"
2020-05-28,"CÃ¡i cháº¿t cá»§a George Floyd lÃ m mÃ¬nh ngá»“i Ä‘Æ¡ ra 1 lÃºc khi má»›i vá»«a Ä‘á»c tin xong :) Racism lÃ  1 trong nhá»¯ng thá»© ghÃª tá»Ÿm nháº¥t tháº¿ giá»›i. Rá»“i láº¡i nhá»› Ä‘áº¿n phim Hidden Figures, xem phim xong mÃ  cáº£m tháº¥y tá»©c lá»™n ruá»™t vÃ¬ cÃ¡i bá»n racist Ä‘áº¥y
#BlackLivesMatter"
2020-05-28,"Má»—i ngÆ°á»i Ä‘á»u bÃ¬nh Ä‘áº³ng trÃªn tháº¿ giá»›i nÃ y, khÃ´ng ai cÃ³ quyá»n tÆ°á»›c Ä‘i máº¡ng sá»‘ng cá»§a ngÆ°á»i khÃ¡c. 
#GeorgeFloyd
#BlackLivesMatter https://twitter.com/greggrunberg/status/1265876456757817344Â â€¦"
2020-05-28,"â—ï¸â—ï¸â—ï¸â—ï¸
VÃ o hÃ´m nay , ká»ƒ cáº£ BigHit cÃ³ Ä‘Ã¡nh Ãºp hay tung gÃ¬ Ä‘i chÄƒng ná»¯a thÃ¬ TUYá»†T Äá»I KHÃ”NG TREND HASHTAG!!
Äá»ƒ bÃ y tá» sá»± tÃ´n trá»ng cho vá»¥ viá»‡c Ã´ng George Floyd Ä‘Ã£ ra Ä‘i vÃ¬ bá»‹ báº¡o hÃ nh bá»Ÿi má»™t viÃªn sÄ© quan cáº£nh sÃ¡t phÃ¢n biá»‡t chá»§ng tá»™c."
2020-05-28,"Ai cÅ©ng cÃ³ quyá»n bÃ¬nh Ä‘áº³ng, táº¡i sao láº¡i cÃ³ thá»ƒ cÆ°á»›p Ä‘i máº¡ng sá»‘ng cá»§a ngÆ°á»i da mÃ u? Tháº¿ Giá»›i cáº§n sá»± bÃ¬nh Ä‘áº³ng #GeorgeFloyd #BlackLivesMatter #BlackLivesMatters pic.twitter.com/50PQ37RyYf"
2020-05-28,"Äá»«ng im láº·ng mÃ  hÃ£y giÃºp George Floyd vÃ  gia Ä‘Ã¬nh anh áº¥y, báº¡n cÃ³ thá»ƒ lÃ m Ä‘Æ°á»£c. Chia sáº» vÃ  kÃ½ vÃ o nhá»¯ng kiáº¿n nghá»‹ nÃ y. ÄÃ²i láº¡i quyá»n láº¡i cho anh áº¥y.
#BlackLivesMatters #BlackLivesMatter
#JusticeForGeorgeFloyd http://chng.it/mgRFDdSpÂ "
2020-05-28,"HÃ£y tráº£ láº¡i cÃ´ng lÃ½ cho há» , chá»‰ vÃ¬ há» lÃ  ngÆ°á»i da Ä‘en mÃ  bá»‹ phÃ¢n biá»‡t chá»§ng tá»™c #BlackLivesMatter #GeorgeFloyd  pic.twitter.com/gIrDhH4LqN"
2020-05-28,"ChÃºng ta hÃ£y sá»­ dá»¥ng tiáº¿ng nÃ³i chung cá»§a chÃºng ta Ä‘á»ƒ nÃ¢ng cao nháº­n thá»©c vá» váº¥n Ä‘á» quan trá»ng nÃ y vÃ  mang láº¡i cÃ´ng lÃ½ cho George Floyd vÃ  nhá»¯ng ngÆ°á»i thÃ¢n yÃªu cá»§a anh áº¥y. 

#BlackLivesMatterÂ #JusticeForGeorgeFloyd pic.twitter.com/Z18g3bB9Go"
2020-05-28,"LÃªn Ã¡n viá»‡c phÃ¢n biá»‡t chá»§ng tá»™câœŠğŸ¿
#BlackLivesMatterÂ  #GeorgeFloyd #JusticeForGeorgeFloyd pic.twitter.com/1EREWc3t0U"
2020-05-28,"#GeorgeFloyd #BlackLivesMatter #JusticeForGeorgeFloyd 
Má»ŒI CON NGÆ¯á»œI Äá»€U LÃ€ BÃŒNH Äáº²NG pic.twitter.com/WQ3M1pyePw"
2020-05-28,"LÃ m Æ¡n, há» lÃ  con ngÆ°á»i, há» chá»‰ cÃ³ mÃ u da khÃ¡c vá»›i chÃºng ta. MÃ u da cá»§a há» khÃ´ng Ä‘Ã¡nh giÃ¡ nhÃ¢n pháº©m cá»§a há», hÃ£y bá» Ä‘i sá»± phÃ¢n biá»‡t áº¥y
Há» cáº§n cuá»™c sá»‘ng bÃ¬nh yÃªn giá»‘ng nhÆ° bao ngÆ°á»i khÃ¡c
#BlackLivesMatter #GeorgeFloyd #JusticeForGeorgeFloyd"
2020-05-28,"""LÃ m Æ¡n, tÃ´i khÃ´ng thá»Ÿ Ä‘Æ°á»£c""
Tá»« lÃ¢u nay náº¡n phÃ¢n biá»‡t chá»§ng tá»™c váº«n lÃ  váº¥n Ä‘á» nhá»©c nhá»‘i vá»›i nhiá»u quá»‘c gia. Cho Ä‘áº¿n khi náº¡n phÃ¢n biá»‡t chá»§ng tá»™c Ä‘Ã£ bá»‹ phÃ¡ bá» nhÆ°ng nÃ³ váº«n cÃ²n tá»“n táº¡i trong tÃ¢m trÃ­ cá»§a con ngÆ°á»i

#GeorgeFloyd
#BlackLivesMatter"
2020-05-28,"Mong mn cÃ¹ng chung tay giÃºp chuyá»‡n nÃ y
Please take some time to make a change and demand justice for George Floyd by signing this petition.

#BlackLivesMatterÂ  #JusticeForGeorgeFloyd
 https://www.change.org/p/mayor-jacob-frey-justice-for-george-floyd?recruiter=812400202&utm_source=share_petition&utm_medium=twitter&utm_campaign=psf_combo_share_initial&utm_term=psf_combo_share_abi&recruited_by_id=df7c9090-b142-11e7-9e94-75a9399c18c7Â â€¦"
2020-05-28,"PhÃ¢n biá»‡t chá»§ng tá»™c á»Ÿ tháº¿ ká»· 21.
George Floyd : "" please, i can't breathe """
2020-05-28,George Floyd lÃ  ai áº¡ ??
2020-05-28,cÃ¡c fanbase lá»›n quá»‘c táº¿ Ä‘Ã£ yÃªu cáº§u ngá»«ng trend cho Káº¹o Chua Ä‘á»ƒ thá»ƒ hiá»‡n sá»± tÃ´n trá»ng Ä‘á»‘i vá»›i George Floyd nÃ³i riÃªng vÃ  cá»™ng Ä‘á»“ng ngÆ°á»i da mÃ u nÃ³i chung ğŸ™
